Oppsummering (MWh),Jan,Feb,Mar,Apr,Mai,Juni,Jul,Aug,Sep,Okt,Nov,Des,Sum
Avfall,49338,44771,39622,38512,27194,18405,22921,24918,24518,38246,42247,46744,417436
Biogass,295,303,435,468,469,156,120,500,395,458,447,586,4632
Biokjel,0,0,0,0,1696,0,0,0,0,0,0,0,1696
Bioolje,2997,5679,6728,67,190,0,6,11,203,132,585,999,17597
Spillvarme (Rockwool),237,299,111,809,297,207,0,0,0,0,0,0,1960
Varmepumpe,194,164,197,97,82,83,228,215,0,0,0,0,1260
El-kjeler,26344,25718,21771,9904,13231,9671,60,6390,5500,12008,22493,23607,176697
LNG,0,0,0,0,0,0,0,0,0,0,0,0,0
LPG,9175,4181,1981,1782,488,339,12,979,161,81,5288,5413,29880
Oljekjeler,3410,1582,238,0,11,0,0,0,0,9,294,550,6093
Sum,91990,82697,71083,51639,43658,28861,23347,33013,30777,50933,71355,77899,657252
