date,outdoor_temp_C,total_daily_mwh,Bio-oil,Biogas,Electric boilers,Heat pump,LNG,LPG,Oil boilers / fossil oil boilers,Waste heat / surplus heat (Rockwool),Waste incineration heat,Wood / bio boiler,check_sum_resources_mwh
2024-01-01,-4.3,3249.398009950248,105.86417910447759,10.420398009950246,930.5592039800993,6.852736318407958,0.0,324.09203980099494,120.45273631840793,8.371641791044773,1742.785074626865,0.0,3249.398009950248
2024-01-02,-8.6,3905.3797678275278,127.23582089552235,12.524046434494192,1118.418573797678,8.236152570480925,0.0,389.519071310116,144.76948590381423,10.061691542288553,2094.6149253731337,0.0,3905.3797678275278
2024-01-03,-10.1,4134.210613598672,134.69104477611938,13.257877280265337,1183.9509121061358,8.718739635157544,0.0,412.3424543946931,153.25207296849086,10.651243781094525,2217.346268656716,0.0,4134.210613598672
2024-01-04,-11.4,4332.530679933663,141.1522388059701,13.893864013266992,1240.7456053067988,9.136981757877276,0.0,432.1227197346599,160.60364842454388,11.162189054726364,2323.7134328358197,0.0,4332.530679933663
2024-01-05,-10.2,4149.466003316747,135.18805970149248,13.306799336650075,1188.3197346600325,8.750912106135981,0.0,413.86401326699814,153.8175787728026,10.690547263681585,2225.5283582089537,0.0,4149.466003316747
2024-01-06,-7.3,3707.059701492536,120.7746268656716,11.888059701492534,1061.6238805970145,7.817910447761191,0.0,369.73880597014914,137.41791044776116,9.550746268656713,1988.247761194029,0.0,3707.059701492536
2024-01-07,-10.8,4240.998341625206,138.17014925373132,13.600331674958536,1214.5326699834159,8.94394693200663,0.0,422.9933665008291,157.21061359867326,10.926368159203976,2274.6208955223874,0.0,4240.998341625206
2024-01-08,1.3,2395.0961857379757,78.03134328358206,7.68076285240464,685.905140961857,5.051077943615255,0.0,238.88474295190704,88.78441127694856,6.170646766169151,1284.5880597014918,0.0,2395.0961857379752
2024-01-09,3.7,2028.9668325041453,66.10298507462684,6.50663349917081,581.0533996683248,4.278938640132669,0.0,202.36733001658368,75.21227197346599,5.2273631840796,1088.2179104477607,0.0,2028.966832504145
2024-01-10,3.9,1998.4560530679923,65.10895522388057,6.408789386401323,572.3157545605304,4.214593698175785,0.0,199.32421227197338,74.08126036484242,5.148756218905469,1071.853731343283,0.0,1998.4560530679923
2024-01-11,3.7,2028.9668325041453,66.10298507462684,6.50663349917081,581.0533996683248,4.278938640132669,0.0,202.36733001658368,75.21227197346599,5.2273631840796,1088.2179104477607,0.0,2028.966832504145
2024-01-12,3.7,2028.9668325041453,66.10298507462684,6.50663349917081,581.0533996683248,4.278938640132669,0.0,202.36733001658368,75.21227197346599,5.2273631840796,1088.2179104477607,0.0,2028.966832504145
2024-01-13,2.2,2257.7976782752894,73.55820895522386,7.240464344941954,646.5857379767825,4.7615257048092845,0.0,225.19071310116078,83.6948590381426,5.81691542288557,1210.9492537313427,0.0,2257.7976782752894
2024-01-14,-2.3,2944.290215588722,95.92388059701489,9.441956882255385,843.1827529021555,6.209286898839134,0.0,293.6608623548921,109.14262023217243,7.585572139303479,1579.1432835820888,0.0,2944.2902155887214
2024-01-15,-9.1,3981.6567164179096,129.72089552238805,12.768656716417906,1140.2626865671639,8.397014925373131,0.0,397.1268656716417,147.59701492537312,10.258208955223878,2135.5253731343278,0.0,3981.6567164179096
2024-01-16,-9.8,4088.4444444444434,133.2,13.111111111111107,1170.8444444444442,8.62222222222222,0.0,407.7777777777777,151.55555555555554,10.53333333333333,2192.7999999999993,0.0,4088.4444444444434
2024-01-17,-13.7,4683.404643449418,152.58358208955218,15.019071310116079,1341.228524046434,9.87694859038142,0.0,467.1185737976781,173.6102819237147,12.06616915422885,2511.901492537312,0.0,4683.404643449418
2024-01-18,-13.5,4652.893864013265,151.5895522388059,14.921227197346592,1332.4908789386395,9.812603648424538,0.0,464.0754560530678,172.47927031509113,11.987562189054719,2495.5373134328343,0.0,4652.893864013264
2024-01-19,-10.9,4256.253731343281,138.66716417910442,13.649253731343276,1218.9014925373128,8.97611940298507,0.0,424.51492537313413,157.776119402985,10.965671641791038,2282.8029850746257,0.0,4256.253731343281
2024-01-20,-8.7,3920.6351575456038,127.73283582089549,12.572968490878933,1122.787396351575,8.268325041459367,0.0,391.04063018242107,145.33499170812598,10.100995024875617,2102.797014925372,0.0,3920.6351575456033
2024-01-21,0.7,2486.6285240464335,81.01343283582086,7.9742951907130974,712.1180762852401,5.244112769485901,0.0,248.01409618573788,92.1774461028192,6.40646766169154,1333.6805970149248,0.0,2486.6285240464335
2024-01-22,5.6,1739.114427860696,56.6597014925373,5.577114427860694,498.04577114427843,3.6676616915422873,0.0,173.45771144278604,64.46766169154228,4.4805970149253715,932.7582089552235,0.0,1739.1144278606957
2024-01-23,2.8,2166.2653399668316,70.57611940298504,6.946932006633496,620.3728026533994,4.568490878938638,0.0,216.06135986732994,80.30182421227194,5.581094527363182,1161.8567164179099,0.0,2166.2653399668316
2024-01-24,2.7,2181.520729684908,71.0731343283582,6.995854063018239,624.7416252072966,4.600663349917079,0.0,217.5829187396351,80.86733001658372,5.620398009950247,1170.0388059701488,0.0,2181.520729684908
2024-01-25,2.5,2212.0315091210605,72.06716417910445,7.093698175787725,633.479270315091,4.665008291873962,0.0,220.62603648424536,81.99834162520727,5.699004975124375,1186.4029850746263,0.0,2212.0315091210605
2024-01-26,4.1,1967.9452736318403,64.11492537313431,6.310945273631839,563.5781094527362,4.150248756218904,0.0,196.28109452736314,72.9502487562189,5.0701492537313415,1055.4895522388056,0.0,1967.9452736318403
2024-01-27,3.8,2013.7114427860688,65.60597014925371,6.457711442786066,576.6845771144276,4.246766169154227,0.0,200.84577114427853,74.6467661691542,5.188059701492535,1080.035820895522,0.0,2013.7114427860688
2024-01-28,6.3,1632.326699834162,53.180597014925354,5.2346600331674935,467.46401326699817,3.442454394693199,0.0,162.80679933665002,60.50912106135985,4.2054726368159185,875.4835820895519,0.0,1632.326699834162
2024-01-29,5.0,1830.6467661691536,59.641791044776106,5.870646766169152,524.2587064676615,3.8606965174129337,0.0,182.58706467661685,67.86069651741292,4.71641791044776,981.8507462686563,0.0,1830.6467661691536
2024-01-30,-0.7,2700.203980099501,87.97164179104475,8.659203980099498,773.2815920398007,5.6945273631840765,0.0,269.31592039800984,100.09452736318404,6.956716417910444,1448.2298507462679,0.0,2700.203980099501
2024-01-31,3.4,2074.7330016583737,67.59402985074624,6.653399668325037,594.1598673300163,4.375456053067991,0.0,206.93200663349907,76.9087893864013,5.345273631840793,1112.7641791044769,0.0,2074.7330016583737
2024-02-01,0.4,2651.159134801082,182.06141367323295,9.713789107763617,824.4859018926229,5.257628427964466,0.0,134.03746620316727,50.71687910390113,9.585554268057166,1435.3005021243725,0.0,2651.159134801082
2024-02-02,2.8,2267.8590189262263,155.73928157589805,8.309385863267671,705.2831208960989,4.497489378138277,0.0,114.6585554268057,43.38431826960216,8.199691000386249,1227.7871765160294,0.0,2267.8590189262263
2024-02-03,0.5,2635.1882966396297,180.96465816917734,9.65527230590962,819.519119351101,5.225955967555041,0.0,133.23001158748554,50.411355735805344,9.527809965237545,1426.6541135573582,0.0,2635.1882966396297
2024-02-04,-1.7,2986.54673619158,205.09327925840094,10.942641946697567,928.7883352645811,5.922750096562379,0.0,150.9940131324836,57.132869833912714,10.798184627269215,1616.8746620316724,0.0,2986.54673619158
2024-02-05,-2.3,3082.371765160294,211.6738122827347,11.293742757821557,958.5890305137121,6.112784859018927,0.0,155.838740826574,58.96601004248746,11.144650444186947,1668.7529934337585,0.0,3082.371765160294
2024-02-06,-6.5,3753.1469679412903,257.7375434530707,13.751448435689458,1167.1938972576286,7.443028196214755,0.0,189.75183468520666,71.79799150251063,13.569911162611048,2031.9013132483585,0.0,3753.1469679412903
2024-02-07,-10.3,4360.0388180764785,299.4142526071843,15.975086906141373,1355.9316338354581,8.646581691772887,0.0,220.43511008111244,83.40787949015066,15.764194669756666,2360.464078794902,0.0,4360.0388180764785
2024-02-08,-7.2,3864.9428350714566,265.41483198146005,14.161066048667442,1201.9613750482815,7.664735419080726,0.0,195.40401699497878,73.93665507918116,13.974121282348397,2092.4260332174586,0.0,3864.9428350714566
2024-02-09,-7.6,3928.826187717266,269.80185399768254,14.395133256083433,1221.8285052143688,7.791425260718425,0.0,198.6338354577057,75.15874855156432,14.205098493626885,2127.011587485516,0.0,3928.8261877172663
2024-02-10,-8.9,4136.447083816145,284.0596755504056,15.1558516801854,1286.3966782541522,8.203167246040941,0.0,209.13074546156815,79.13055233680957,14.955774430281961,2239.4146388567015,0.0,4136.447083816145
2024-02-11,-4.7,3465.671881035149,237.99594438006955,12.698146002317499,1077.791811510236,6.872923908845114,0.0,175.2176516029355,66.29857087678641,12.53051371185786,1876.2663190421013,0.0,3465.6718810351495
2024-02-12,-2.4,3098.3426033217456,212.77056778679025,11.35225955967555,963.5558130552337,6.14445731942835,0.0,156.64619544225567,59.27153341058323,11.202394747006565,1677.3993820007724,0.0,3098.3426033217456
2024-02-13,-3.6,3289.9926612591735,225.93163383545772,12.054461181923523,1023.1572035534957,6.524526844341445,0.0,166.33565083043646,62.93781382773272,11.895326380842024,1781.156044804944,0.0,3289.9926612591735
2024-02-14,-3.5,3274.0218230977216,224.83487833140214,11.995944380069528,1018.190421011974,6.492854383932021,0.0,165.52819621475476,62.632290459636934,11.837582078022404,1772.50965623793,0.0,3274.0218230977216
2024-02-15,-0.3,2762.955001931248,189.73870220162226,10.1234067207416,859.2533796832755,5.4793356508304365,0.0,139.68964851293936,52.85554268057165,9.989764387794516,1495.8252220934726,0.0,2762.955001931248
2024-02-16,1.1,2539.363267670916,174.3841251448436,9.304171494785633,789.7184241019701,5.035921205098494,0.0,128.38528389339515,48.5782155272306,9.181344148319816,1374.7757821552725,0.0,2539.363267670916
2024-02-17,-0.8,2842.8091927385094,195.22247972190038,10.41599073001159,884.0872923908847,5.637697952877559,0.0,143.72692159134803,54.38315952105061,10.278485901892623,1539.057164928544,0.0,2842.8091927385094
2024-02-18,-3.8,3321.934337582078,228.12514484356896,12.171494785631518,1033.0907686365392,6.587871765160293,0.0,167.9505600617999,63.5488605639243,12.010814986481266,1798.4488219389725,0.0,3321.934337582078
2024-02-19,-5.4,3577.467748165315,245.67323290845889,13.107763615295482,1112.5592893008884,7.094631131711084,0.0,180.8698339127076,68.43723445345694,12.93472383159521,1936.7910390112013,0.0,3577.4677481653152
2024-02-20,-0.4,2778.9258400927,190.8354577056779,10.181923522595598,864.2201622247974,5.511008111239861,0.0,140.4971031286211,53.16106604866744,10.047508690614137,1504.4716106604867,0.0,2778.9258400927
2024-02-21,2.5,2315.7715334105833,159.0295480880649,8.484936268829665,720.1834685206644,4.59250675936655,0.0,117.08091927385091,44.300888373889535,8.372923908845113,1253.7263422170722,0.0,2315.7715334105833
2024-02-22,6.1,1740.821359598301,119.5463499420626,6.378331402085749,541.3792970258789,3.45229818462727,0.0,88.01255310930863,33.3020471224411,6.294129007338742,942.4563538045579,0.0,1740.821359598301
2024-02-23,5.9,1772.763035921205,121.73986095017382,6.495365005793743,551.3128621089224,3.515643105446118,0.0,89.62746234067207,33.91309385863268,6.409617612977984,959.7491309385863,0.0,1772.763035921205
2024-02-24,5.5,1836.6463885670146,126.12688296639632,6.729432213209735,571.1799922750098,3.6423329470838164,0.0,92.85728080339901,35.13518733101584,6.64059482425647,994.3346852066436,0.0,1836.6463885670146
2024-02-25,4.6,1980.3839320200852,135.9976825028969,7.256083429895714,615.8810351487062,3.9273850907686367,0.0,100.12437234453458,37.88489764387795,7.160293549633064,1072.1521823097723,0.0,1980.3839320200855
2024-02-26,1.7,2443.538238702202,167.80359212050988,8.953070683661647,759.9177288528391,4.845886442641947,0.0,123.54055619930476,46.74507531865586,8.834878331402086,1322.8974507531866,0.0,2443.538238702202
2024-02-27,1.1,2539.363267670916,174.3841251448436,9.304171494785633,789.7184241019701,5.035921205098494,0.0,128.38528389339515,48.5782155272306,9.181344148319816,1374.7757821552725,0.0,2539.363267670916
2024-02-28,5.3,1868.588064889919,128.32039397450754,6.846465816917729,581.1135573580534,3.705677867902665,0.0,94.47219003476246,35.74623406720742,6.756083429895713,1011.6274623406721,0.0,1868.588064889919
2024-02-29,7.1,1581.1129779837777,108.57879490150638,5.793163383545772,491.71147161066057,3.1355735805330243,0.0,79.9380069524913,30.2468134414832,5.716685979142526,855.9924681344149,0.0,1581.112977983778
2024-03-01,7.2,1626.0816993464052,153.90849673202615,9.950980392156863,498.02941176470586,4.506535947712418,0.0,45.31699346405229,5.444444444444445,2.5392156862745097,906.3856209150326,0.0,1626.081699346405
2024-03-02,6.4,1758.8230625583567,166.47245564892626,10.763305322128852,538.6848739495798,4.874416433239963,0.0,49.01633986928105,5.888888888888889,2.746498599439776,980.3762838468721,0.0,1758.8230625583567
2024-03-03,6.2,1792.0084033613446,169.61344537815128,10.966386554621849,548.8487394957983,4.966386554621849,0.0,49.94117647058824,6.0,2.7983193277310923,998.8739495798319,0.0,1792.0084033613446
2024-03-04,7.0,1659.2670401493929,157.04948646125115,10.15406162464986,508.19327731092426,4.598506069094304,0.0,46.24183006535947,5.5555555555555545,2.591036414565826,924.8832866479925,0.0,1659.2670401493929
2024-03-05,5.1,1974.5277777777776,186.88888888888889,12.083333333333332,604.7499999999999,5.472222222222222,0.0,55.02777777777777,6.611111111111111,3.083333333333333,1100.611111111111,0.0,1974.5277777777776
2024-03-06,0.5,2737.7906162464983,259.13165266106444,16.754201680672267,838.5189075630251,7.587535014005602,0.0,76.29901960784314,9.166666666666666,4.2752100840336125,1526.0574229691874,0.0,2737.7906162464983
2024-03-07,1.2,2621.641923436041,248.13818860877686,16.04341736694678,802.9453781512605,7.265639589169001,0.0,73.06209150326798,8.777777777777777,4.093837535014005,1461.3155929038282,0.0,2621.641923436041
2024-03-08,1.1,2638.234593837535,249.70868347338939,16.14495798319328,808.0273109243698,7.311624649859945,0.0,73.52450980392157,8.833333333333334,4.119747899159664,1470.5644257703082,0.0,2638.234593837535
2024-03-09,0.6,2721.1979458450046,257.56115779645194,16.65266106442577,833.4369747899159,7.541549953314659,0.0,75.83660130718954,9.11111111111111,4.249299719887955,1516.8085901027077,0.0,2721.197945845005
2024-03-10,-0.7,2936.902661064425,277.97759103641454,17.97268907563025,899.5021008403359,8.139355742296917,0.0,81.84803921568626,9.83333333333333,4.586134453781511,1637.0434173669464,0.0,2936.902661064425
2024-03-11,-0.8,2953.4953314659197,279.5480859010271,18.074229691876752,904.5840336134453,8.185340802987863,0.0,82.31045751633987,9.88888888888889,4.6120448179271705,1646.2922502334268,0.0,2953.4953314659197
2024-03-12,-1.0,2986.6806722689075,282.6890756302521,18.277310924369747,914.7478991596638,8.277310924369749,0.0,83.23529411764706,10.0,4.663865546218487,1664.7899159663866,0.0,2986.6806722689075
2024-03-13,3.1,2306.381185807656,218.2987861811391,14.114145658263304,706.3886554621847,6.391923436041083,0.0,64.27614379084966,7.722222222222221,3.601540616246498,1285.5877684407094,0.0,2306.381185807656
2024-03-14,5.1,1974.5277777777776,186.88888888888889,12.083333333333332,604.7499999999999,5.472222222222222,0.0,55.02777777777777,6.611111111111111,3.083333333333333,1100.611111111111,0.0,1974.5277777777776
2024-03-15,3.6,2223.4178338001866,210.44631185807657,13.606442577030812,680.9789915966386,6.161998132586368,0.0,61.964052287581694,7.444444444444444,3.471988795518207,1239.3436041083098,0.0,2223.4178338001866
2024-03-16,0.2,2787.5686274509803,263.843137254902,17.058823529411764,853.7647058823529,7.7254901960784315,0.0,77.68627450980392,9.333333333333334,4.352941176470588,1553.8039215686274,0.0,2787.568627450981
2024-03-17,0.3,2770.975957049486,262.27264239028943,16.957282913165265,848.6827731092436,7.679505135387488,0.0,77.22385620915031,9.277777777777777,4.32703081232493,1544.5550887021473,0.0,2770.975957049486
2024-03-18,4.3,2107.269140989729,199.45284780578896,12.89565826330532,645.4054621848738,5.840102707749766,0.0,58.727124183006524,7.0555555555555545,3.290616246498599,1174.6017740429504,0.0,2107.269140989729
2024-03-19,5.6,1891.5644257703082,179.03641456582633,11.57563025210084,579.3403361344538,5.242296918767507,0.0,52.71568627450981,6.333333333333334,2.953781512605042,1054.3669467787115,0.0,1891.5644257703082
2024-03-20,4.4,2090.676470588235,197.88235294117646,12.794117647058822,640.3235294117646,5.794117647058823,0.0,58.264705882352935,6.999999999999999,3.2647058823529407,1165.3529411764705,0.0,2090.676470588235
2024-03-21,3.3,2273.195845004668,215.15779645191407,13.911064425770306,696.2247899159662,6.299953314659196,0.0,63.351307189542474,7.61111111111111,3.5497198879551815,1267.0901027077496,0.0,2273.195845004668
2024-03-22,5.7,1874.9717553688142,177.46591970121383,11.474089635854343,574.2584033613446,5.196311858076564,0.0,52.25326797385621,6.277777777777778,2.9278711484593836,1045.1181139122316,0.0,1874.9717553688142
2024-03-23,3.6,2223.4178338001866,210.44631185807657,13.606442577030812,680.9789915966386,6.161998132586368,0.0,61.964052287581694,7.444444444444444,3.471988795518207,1239.3436041083098,0.0,2223.4178338001866
2024-03-24,1.2,2621.641923436041,248.13818860877686,16.04341736694678,802.9453781512605,7.265639589169001,0.0,73.06209150326798,8.777777777777777,4.093837535014005,1461.3155929038282,0.0,2621.641923436041
2024-03-25,0.1,2804.1612978524736,265.41363211951443,17.16036414565826,858.8466386554619,7.771475256769373,0.0,78.14869281045749,9.388888888888886,4.378851540616245,1563.0527544351069,0.0,2804.1612978524736
2024-03-26,-1.1,3003.2733426704017,284.25957049486465,18.37885154061625,919.8298319327731,8.323295985060692,0.0,83.69771241830065,10.055555555555557,4.689775910364146,1674.0387488328665,0.0,3003.2733426704017
2024-03-27,4.9,2007.7131185807655,190.0298786181139,12.28641456582633,614.9138655462184,5.564192343604108,0.0,55.95261437908496,6.722222222222221,3.1351540616246494,1119.108776844071,0.0,2007.7131185807655
2024-03-28,6.7,1709.045051353875,161.7609710550887,10.458683473389357,523.4390756302521,4.736461251167134,0.0,47.62908496732026,5.722222222222222,2.668767507002801,952.6297852474323,0.0,1709.045051353875
2024-03-29,5.3,1941.3424369747897,183.74789915966386,11.880252100840336,594.5861344537814,5.380252100840336,0.0,54.10294117647059,6.499999999999999,3.0315126050420163,1082.1134453781513,0.0,1941.3424369747897
2024-03-30,5.9,1841.7864145658261,174.32492997198878,11.271008403361344,564.0945378151259,5.1043417366946775,0.0,51.32843137254901,6.166666666666666,2.876050420168067,1026.6204481792715,0.0,1841.786414565826
2024-03-31,3.6,2223.4178338001866,210.44631185807657,13.606442577030812,680.9789915966386,6.161998132586368,0.0,61.964052287581694,7.444444444444444,3.471988795518207,1239.3436041083098,0.0,2223.4178338001866
2024-04-01,3.4,1857.9111111111115,2.410582010582011,16.838095238095242,356.33439153439156,3.489947089947091,0.0,64.11428571428573,0.0,29.10687830687831,1385.6169312169316,0.0,1857.9111111111115
2024-04-02,-0.7,2418.016666666667,3.1373015873015877,21.914285714285718,463.75873015873015,4.542063492063493,0.0,83.44285714285715,0.0,37.88174603174603,1803.3396825396828,0.0,2418.016666666667
2024-04-03,-3.4,2786.866666666667,3.615873015873016,25.25714285714286,534.5015873015873,5.234920634920636,0.0,96.17142857142858,0.0,43.66031746031746,2078.425396825397,0.0,2786.866666666667
2024-04-04,-2.3,2636.594444444445,3.4208994708994713,23.8952380952381,505.6804232804233,4.952645502645503,0.0,90.98571428571431,0.0,41.30608465608466,1966.3534391534395,0.0,2636.594444444445
2024-04-05,0.4,2267.744444444445,2.942328042328043,20.552380952380958,434.9375661375662,4.259788359788361,0.0,78.25714285714288,0.0,35.52751322751323,1691.2677248677253,0.0,2267.744444444445
2024-04-06,1.8,2076.488888888889,2.6941798941798942,18.81904761904762,398.2560846560847,3.900529100529101,0.0,71.65714285714286,0.0,32.53121693121693,1548.630687830688,0.0,2076.488888888889
2024-04-07,8.1,1215.8388888888892,1.577513227513228,11.019047619047623,233.18941798941802,2.2838624338624345,0.0,41.95714285714287,0.0,19.0478835978836,906.7640211640214,0.0,1215.8388888888892
2024-04-08,9.2,1065.566666666667,1.382539682539683,9.65714285714286,204.36825396825404,2.0015873015873025,0.0,36.77142857142859,0.0,16.6936507936508,794.6920634920638,0.0,1065.566666666667
2024-04-09,9.0,1092.888888888889,1.4179894179894181,9.904761904761905,209.6084656084656,2.052910052910053,0.0,37.714285714285715,0.0,17.12169312169312,815.0687830687831,0.0,1092.888888888889
2024-04-10,5.7,1543.705555555556,2.0029100529100536,13.990476190476194,296.0719576719577,2.899735449735451,0.0,53.27142857142859,0.0,24.18439153439154,1151.2846560846565,0.0,1543.705555555556
2024-04-11,4.2,1748.6222222222227,2.2687830687830695,15.847619047619052,335.37354497354505,3.2846560846560857,0.0,60.34285714285716,0.0,27.394708994709,1304.1100529100534,0.0,1748.6222222222227
2024-04-12,8.5,1161.1944444444446,1.5066137566137567,10.523809523809526,222.7089947089947,2.1812169312169316,0.0,40.07142857142858,0.0,18.191798941798943,866.0105820105821,0.0,1161.1944444444446
2024-04-13,8.2,1202.1777777777781,1.5597883597883602,10.8952380952381,230.5693121693122,2.258201058201059,0.0,41.4857142857143,0.0,18.83386243386244,896.5756613756616,0.0,1202.1777777777781
2024-04-14,3.0,1912.5555555555559,2.481481481481482,17.333333333333336,366.81481481481484,3.5925925925925934,0.0,66.00000000000001,0.0,29.962962962962965,1426.3703703703707,0.0,1912.5555555555559
2024-04-15,3.0,1912.5555555555559,2.481481481481482,17.333333333333336,366.81481481481484,3.5925925925925934,0.0,66.00000000000001,0.0,29.962962962962965,1426.3703703703707,0.0,1912.5555555555559
2024-04-16,2.1,2035.5055555555562,2.6410052910052917,18.447619047619053,390.3957671957673,3.823544973544975,0.0,70.24285714285716,0.0,31.889153439153446,1518.0656084656089,0.0,2035.5055555555562
2024-04-17,2.9,1926.216666666667,2.4992063492063497,17.45714285714286,369.4349206349207,3.6182539682539687,0.0,66.47142857142859,0.0,30.176984126984127,1436.5587301587304,0.0,1926.216666666667
2024-04-18,4.0,1775.9444444444448,2.3042328042328046,16.0952380952381,340.61375661375666,3.3359788359788367,0.0,61.2857142857143,0.0,27.822751322751326,1324.4867724867727,0.0,1775.9444444444448
2024-04-19,4.6,1693.9777777777779,2.197883597883598,15.352380952380953,324.8931216931217,3.1820105820105824,0.0,58.45714285714286,0.0,26.538624338624338,1263.3566137566138,0.0,1693.9777777777779
2024-04-20,3.6,1830.5888888888892,2.3751322751322754,16.590476190476192,351.09417989417994,3.4386243386243396,0.0,63.171428571428585,0.0,28.67883597883598,1365.240211640212,0.0,1830.5888888888894
2024-04-21,4.7,1680.316666666667,2.180158730158731,15.228571428571433,322.27301587301594,3.156349206349207,0.0,57.9857142857143,0.0,26.32460317460318,1253.1682539682542,0.0,1680.316666666667
2024-04-22,4.2,1748.6222222222227,2.2687830687830695,15.847619047619052,335.37354497354505,3.2846560846560857,0.0,60.34285714285716,0.0,27.394708994709,1304.1100529100534,0.0,1748.6222222222227
2024-04-23,2.9,1926.216666666667,2.4992063492063497,17.45714285714286,369.4349206349207,3.6182539682539687,0.0,66.47142857142859,0.0,30.176984126984127,1436.5587301587304,0.0,1926.216666666667
2024-04-24,2.5,1980.8611111111113,2.5701058201058204,17.952380952380956,379.91534391534395,3.7208994708994716,0.0,68.35714285714286,0.0,31.033068783068785,1477.3121693121695,0.0,1980.8611111111113
2024-04-25,4.6,1693.9777777777779,2.197883597883598,15.352380952380953,324.8931216931217,3.1820105820105824,0.0,58.45714285714286,0.0,26.538624338624338,1263.3566137566138,0.0,1693.9777777777779
2024-04-26,6.7,1407.0944444444447,1.825661375661376,12.752380952380955,269.8708994708995,2.6431216931216936,0.0,48.557142857142864,0.0,22.044179894179894,1049.4010582010583,0.0,1407.0944444444444
2024-04-27,4.8,1666.6555555555556,2.1624338624338626,15.104761904761904,319.65291005291004,3.130687830687831,0.0,57.51428571428572,0.0,26.110582010582007,1242.9798941798942,0.0,1666.6555555555556
2024-04-28,6.7,1407.0944444444447,1.825661375661376,12.752380952380955,269.8708994708995,2.6431216931216936,0.0,48.557142857142864,0.0,22.044179894179894,1049.4010582010583,0.0,1407.0944444444444
2024-04-29,9.1,1079.227777777778,1.4002645502645508,9.780952380952384,206.98835978835984,2.027248677248678,0.0,37.242857142857154,0.0,16.907671957671962,804.8804232804235,0.0,1079.227777777778
2024-04-30,10.5,887.9722222222224,1.1521164021164023,8.04761904761905,170.30687830687833,1.6679894179894184,0.0,30.64285714285715,0.0,13.911375661375663,662.2433862433863,0.0,887.9722222222224
2024-05-01,12.9,1855.861067910835,8.076723691031624,19.93675479523069,562.4375324002074,3.485743908761017,0.0,20.744427164333857,0.46759979263867296,12.625194401244169,1155.9917055469157,72.09538621047174,1855.861067910835
2024-05-02,14.3,1222.1524105754274,5.318818040435458,13.129082426127525,370.38569206842914,2.2954898911353028,0.0,13.660964230171071,0.3079315707620528,8.314152410575426,761.262830482115,47.477449455676506,1222.1524105754277
2024-05-03,14.0,1357.9471228615866,5.909797822706067,14.587869362363923,411.53965785381035,2.550544323483671,0.0,15.17884914463453,0.3421461897356144,9.237947122861588,845.8475894245726,52.75272161741836,1357.9471228615866
2024-05-04,13.5,1584.2716433385176,6.8947641264904105,17.019180922757908,480.12960082944534,2.9756350440642825,0.0,17.70865733540695,0.3991705546915501,10.777604976671851,986.8221876620012,61.54484188698808,1584.2716433385174
2024-05-05,12.6,1991.6557801969936,8.66770347330223,21.395541731467084,603.5914981855884,3.740798341109384,0.0,22.26231207879731,0.5018144116122344,13.548989113530329,1240.576464489373,77.3706583722136,1991.6557801969934
2024-05-06,10.8,2806.424053913945,12.21358216692587,30.148263348885433,850.5152928978745,5.271124935199586,0.0,31.369621565578022,0.707102125453603,19.091757387247277,1748.085018144116,109.02229134266459,2806.424053913945
2024-05-07,7.7,4209.636080870919,18.32037325038881,45.22239502332816,1275.772939346812,7.90668740279938,0.0,47.054432348367044,1.0606531881804047,28.637636080870923,2622.1275272161747,163.53343701399692,4209.636080870919
2024-05-08,8.9,3666.4572317262837,15.956454121306379,39.38724727838259,1111.157076205288,6.886469673405911,0.0,40.98289269051323,0.9237947122861588,24.942457231726287,2283.7884914463457,142.43234836702956,3666.4572317262837
2024-05-09,7.4,4345.430793157077,18.91135303265941,46.68118195956455,1316.9269051321928,8.161741835147746,0.0,48.57231726283049,1.094867807153966,29.561430793157076,2706.7122861586317,168.80870917573873,4345.430793157077
2024-05-10,6.6,4707.550025920167,20.487299118714365,50.571280456194934,1426.6708138932092,8.841886988076727,0.0,52.620010368066374,1.1861067910834633,32.02488335925351,2932.271643338518,182.87610160705032,4707.550025920167
2024-05-11,8.0,4073.8413685847595,17.7293934681182,43.76360808709176,1234.618973561431,7.651632970451012,0.0,45.536547433903586,1.026438569206843,27.71384136858476,2537.5427682737172,158.25816485225505,4073.8413685847595
2024-05-12,14.8,995.8278900984964,4.333851736651114,10.697770865733538,301.7957490927941,1.8703991705546912,0.0,11.13115603939865,0.2509072058061171,6.774494556765161,620.2882322446862,38.68532918610678,995.8278900984964
2024-05-13,16.6,181.05961638154423,0.7879730430274727,1.9450492483151827,54.871954380507844,0.34007257646448824,0.0,2.02384655261793,0.04561949196474842,1.2317262830482072,112.77967858994259,7.033696215655756,181.05961638154423
2024-05-14,18.1,22.63245204769311,0.09849663037843445,0.24313115603939872,6.858994297563505,0.04250907205806118,0.0,0.2529808190772422,0.005702436495593573,0.15396578538102645,14.097459823742875,0.8792120269569726,22.63245204769311
2024-05-15,17.7,22.63245204769311,0.09849663037843445,0.24313115603939872,6.858994297563505,0.04250907205806118,0.0,0.2529808190772422,0.005702436495593573,0.15396578538102645,14.097459823742875,0.8792120269569726,22.63245204769311
2024-05-16,18.3,22.63245204769311,0.09849663037843445,0.24313115603939872,6.858994297563505,0.04250907205806118,0.0,0.2529808190772422,0.005702436495593573,0.15396578538102645,14.097459823742875,0.8792120269569726,22.63245204769311
2024-05-17,19.1,22.63245204769311,0.09849663037843445,0.24313115603939872,6.858994297563505,0.04250907205806118,0.0,0.2529808190772422,0.005702436495593573,0.15396578538102645,14.097459823742875,0.8792120269569726,22.63245204769311
2024-05-18,14.4,1176.8875064800413,5.121824779678589,12.642820114048728,356.6677034733022,2.210471747019181,0.0,13.155002592016588,0.2965266977708657,8.006220839813373,733.0679108346293,45.719025401762565,1176.8875064800413
2024-05-19,8.4,3892.7817522032146,16.941420425090723,41.818558838776575,1179.747019180923,7.311560393986523,0.0,43.512700881285646,0.9808190772420945,26.48211508553655,2424.7630896837745,151.22446863659928,3892.781752203215
2024-05-20,9.5,3394.867807153966,14.774494556765166,36.4696734059098,1028.8491446345258,6.376360808709177,0.0,37.94712286158632,0.8553654743390359,23.094867807153967,2114.618973561431,131.88180404354588,3394.8678071539666
2024-05-21,15.7,588.4437532400211,2.560912389839297,6.321410057024369,178.3338517366512,1.1052358735095913,0.0,6.5775012960082995,0.14826334888543297,4.00311041990669,366.5339554173149,22.8595127008813,588.4437532400211
2024-05-22,19.9,22.63245204769311,0.09849663037843445,0.24313115603939872,6.858994297563505,0.04250907205806118,0.0,0.2529808190772422,0.005702436495593573,0.15396578538102645,14.097459823742875,0.8792120269569726,22.63245204769311
2024-05-23,21.8,22.63245204769311,0.09849663037843445,0.24313115603939872,6.858994297563505,0.04250907205806118,0.0,0.2529808190772422,0.005702436495593573,0.15396578538102645,14.097459823742875,0.8792120269569726,22.63245204769311
2024-05-24,20.3,22.63245204769311,0.09849663037843445,0.24313115603939872,6.858994297563505,0.04250907205806118,0.0,0.2529808190772422,0.005702436495593573,0.15396578538102645,14.097459823742875,0.8792120269569726,22.63245204769311
2024-05-25,19.2,22.63245204769311,0.09849663037843445,0.24313115603939872,6.858994297563505,0.04250907205806118,0.0,0.2529808190772422,0.005702436495593573,0.15396578538102645,14.097459823742875,0.8792120269569726,22.63245204769311
2024-05-26,22.6,22.63245204769311,0.09849663037843445,0.24313115603939872,6.858994297563505,0.04250907205806118,0.0,0.2529808190772422,0.005702436495593573,0.15396578538102645,14.097459823742875,0.8792120269569726,22.63245204769311
2024-05-27,21.3,22.63245204769311,0.09849663037843445,0.24313115603939872,6.858994297563505,0.04250907205806118,0.0,0.2529808190772422,0.005702436495593573,0.15396578538102645,14.097459823742875,0.8792120269569726,22.63245204769311
2024-05-28,16.9,45.26490409538686,0.19699326075687168,0.48626231207880427,13.717988595127204,0.08501814411612357,0.0,0.5059616381544915,0.011404872991187308,0.3079315707620573,28.19491964748615,1.7584240539139702,45.26490409538686
2024-05-29,17.7,22.63245204769311,0.09849663037843445,0.24313115603939872,6.858994297563505,0.04250907205806118,0.0,0.2529808190772422,0.005702436495593573,0.15396578538102645,14.097459823742875,0.8792120269569726,22.63245204769311
2024-05-30,16.6,181.05961638154423,0.7879730430274727,1.9450492483151827,54.871954380507844,0.34007257646448824,0.0,2.02384655261793,0.04561949196474842,1.2317262830482072,112.77967858994259,7.033696215655756,181.05961638154423
2024-05-31,14.5,1131.6226023846555,4.924831518921722,12.156557801969935,342.94971487817526,2.125453602903059,0.0,12.649040953862109,0.2851218247796786,7.6982892690513225,704.8729911871437,43.96060134784863,1131.6226023846555
2024-06-01,12.4,1090.884141331142,0.0,5.896466721446178,365.54313886606406,3.137222678718159,0.0,12.813475760065733,0.0,7.82415776499589,695.669679539852,0.0,1090.884141331142
2024-06-02,12.9,972.3097781429746,0.0,5.255546425636812,325.810188989318,2.796220213640099,0.0,11.420706655710765,0.0,6.9737058340180775,620.0534100246508,0.0,972.3097781429746
2024-06-03,9.7,1731.1857025472475,0.0,9.357436318816763,580.101068200493,4.978635990139688,0.0,20.334428923582582,0.0,12.41659819227609,1103.9975349219394,0.0,1731.1857025472475
2024-06-04,13.3,877.4502875924403,0.0,4.742810188989317,294.02382908792106,2.52341824157765,0.0,10.306491372226786,0.0,6.293344289235825,559.5603944124897,0.0,877.4502875924404
2024-06-05,7.1,2347.772391125719,0.0,12.690221857025472,786.7124075595727,6.751848808545604,0.0,27.57682826622843,0.0,16.83894823336072,1497.202136400986,0.0,2347.772391125719
2024-06-06,9.6,1754.9005751848808,0.0,9.485620377978636,588.0476581758422,5.0468364831553,0.0,20.612982744453575,0.0,12.586688578471652,1119.1207888249794,0.0,1754.9005751848808
2024-06-07,11.2,1375.4626129827445,0.0,7.43467543138866,460.9022185702547,3.9556285949055057,0.0,16.156121610517665,0.0,9.865242399342646,877.1487263763354,0.0,1375.4626129827445
2024-06-08,12.7,1019.7395234182417,0.0,5.511914543960559,341.70336894001645,2.932621199671323,0.0,11.977814297452753,0.0,7.313886606409204,650.2999178307314,0.0,1019.7395234182417
2024-06-09,11.2,1375.4626129827445,0.0,7.43467543138866,460.9022185702547,3.9556285949055057,0.0,16.156121610517665,0.0,9.865242399342646,877.1487263763354,0.0,1375.4626129827445
2024-06-10,7.4,2276.6277732128183,0.0,12.30566967953985,762.872637633525,6.547247329498767,0.0,26.741166803615446,0.0,16.328677074774035,1451.8323746918652,0.0,2276.6277732128183
2024-06-11,8.7,1968.3344289235827,0.0,10.639276910435497,659.5669679539852,5.66064092029581,0.0,23.119967132292523,0.0,14.117502054231718,1255.2300739523419,0.0,1968.3344289235824
2024-06-12,10.1,1636.3262119967133,0.0,8.844700082169268,548.3147082990961,4.7058340180772396,0.0,19.220213640098603,0.0,11.736236647493838,1043.5045193097783,0.0,1636.3262119967135
2024-06-13,14.5,592.8718159408381,0.0,3.2046014790468362,198.66474938373048,1.705012325390304,0.0,6.963845521774856,0.0,4.252259654889071,378.0813475760066,0.0,592.8718159408381
2024-06-14,15.6,332.0082169268694,0.0,1.7945768282662287,111.25225965488909,0.9548069022185705,0.0,3.89975349219392,0.0,2.3812654067378802,211.72555464256374,0.0,332.0082169268694
2024-06-15,16.9,23.714872637633864,0.0,0.12818405916187528,7.946589975349332,0.06820049301561314,0.0,0.2785538208709982,0.0,0.1700903861955653,15.12325390304048,0.0,23.71487263763386
2024-06-16,15.9,260.86359901396867,0.0,1.4100246507806073,87.41248972884138,0.7502054231717334,0.0,3.0640920295809355,0.0,1.8709942481511908,166.35579293344284,0.0,260.8635990139687
2024-06-17,17.7,11.857436318816763,0.0,0.06409202958093672,3.9732949876746098,0.03410024650780608,0.0,0.13927691043549711,0.0,0.08504519309778143,7.561626951520132,0.0,11.857436318816763
2024-06-18,15.0,474.29745275267055,0.0,2.563681183237469,158.9317995069844,1.3640098603122435,0.0,5.571076417419885,0.0,3.4018077239112574,302.4650780608053,0.0,474.29745275267055
2024-06-19,9.9,1683.7559572719802,0.0,9.101068200493014,564.2078882497946,4.842235004108463,0.0,19.77732128184059,0.0,12.076417419884962,1073.7510271158587,0.0,1683.7559572719804
2024-06-20,10.7,1494.0369761709123,0.0,8.075595727198028,500.6351684470009,4.296631059983567,0.0,17.54889071487264,0.0,10.715694330320462,952.7649958915367,0.0,1494.0369761709123
2024-06-21,11.3,1351.7477403451107,0.0,7.306491372226786,452.9556285949054,3.887428101889893,0.0,15.877567789646669,0.0,9.695152013147082,862.0254724732949,0.0,1351.7477403451107
2024-06-22,16.9,23.714872637633864,0.0,0.12818405916187528,7.946589975349332,0.06820049301561314,0.0,0.2785538208709982,0.0,0.1700903861955653,15.12325390304048,0.0,23.71487263763386
2024-06-23,14.4,616.5866885784716,0.0,3.3327855382087095,206.61133935907966,1.773212818405916,0.0,7.242399342645849,0.0,4.422350041084634,393.2046014790468,0.0,616.5866885784716
2024-06-24,14.1,687.7313064913723,0.0,3.71733771569433,230.45110928512736,1.9778142974527528,0.0,8.078060805258833,0.0,4.932621199671323,438.5743631881677,0.0,687.7313064913723
2024-06-25,17.3,11.857436318816763,0.0,0.06409202958093672,3.9732949876746098,0.03410024650780608,0.0,0.13927691043549711,0.0,0.08504519309778143,7.561626951520132,0.0,11.857436318816763
2024-06-26,13.8,758.8759244042726,0.0,4.1018898931799495,254.29087921117494,2.182415776499589,0.0,8.913722267871814,0.0,5.44289235825801,483.9441248972883,0.0,758.8759244042726
2024-06-27,22.5,11.857436318816763,0.0,0.06409202958093672,3.9732949876746098,0.03410024650780608,0.0,0.13927691043549711,0.0,0.08504519309778143,7.561626951520132,0.0,11.857436318816763
2024-06-28,17.3,11.857436318816763,0.0,0.06409202958093672,3.9732949876746098,0.03410024650780608,0.0,0.13927691043549711,0.0,0.08504519309778143,7.561626951520132,0.0,11.857436318816763
2024-06-29,12.5,1067.1692686935085,0.0,5.768282662284304,357.5965488907148,3.069022185702547,0.0,12.534921939194739,0.0,7.6540673788003275,680.5464256368117,0.0,1067.1692686935085
2024-06-30,12.7,1019.7395234182417,0.0,5.511914543960559,341.70336894001645,2.932621199671323,0.0,11.977814297452753,0.0,7.313886606409204,650.2999178307314,0.0,1019.7395234182417
2024-07-01,10.2,2071.2276581865626,0.5322896281800392,10.645792563600784,5.322896281800392,20.22700587084149,0.0,1.0645792563600784,0.0,0.0,2033.4350945857798,0.0,2071.2276581865626
2024-07-02,10.1,2101.6868884540118,0.5401174168297456,10.802348336594912,5.401174168297456,20.524461839530332,0.0,1.0802348336594911,0.0,0.0,2063.3385518591,0.0,2101.6868884540118
2024-07-03,12.1,1492.5022831050228,0.3835616438356164,7.671232876712328,3.835616438356164,14.575342465753424,0.0,0.7671232876712328,0.0,0.0,1465.269406392694,0.0,1492.5022831050228
2024-07-04,15.6,426.4292237442923,0.10958904109589043,2.1917808219178085,1.0958904109589043,4.164383561643836,0.0,0.21917808219178087,0.0,0.0,418.6484018264841,0.0,426.4292237442923
2024-07-05,12.0,1522.9615133724722,0.3913894324853229,7.827788649706457,3.9138943248532283,14.872798434442268,0.0,0.7827788649706457,0.0,0.0,1495.172863666014,0.0,1522.961513372472
2024-07-06,12.3,1431.5838225701236,0.36790606653620345,7.358121330724068,3.679060665362034,13.98043052837573,0.0,0.7358121330724069,0.0,0.0,1405.4624918460531,0.0,1431.5838225701236
2024-07-07,11.8,1583.8799739073709,0.40704500978473573,8.140900195694714,4.070450097847357,15.467710371819958,0.0,0.8140900195694715,0.0,0.0,1554.9797782126545,0.0,1583.8799739073709
2024-07-08,12.8,1279.2876712328764,0.32876712328767116,6.5753424657534225,3.2876712328767113,12.493150684931503,0.0,0.6575342465753423,0.0,0.0,1255.9452054794517,0.0,1279.2876712328764
2024-07-09,13.7,1005.1545988258318,0.25831702544031315,5.166340508806263,2.5831702544031314,9.8160469667319,0.0,0.5166340508806263,0.0,0.0,986.8140900195696,0.0,1005.1545988258318
2024-07-10,14.5,761.4807566862361,0.19569471624266144,3.9138943248532283,1.9569471624266142,7.436399217221134,0.0,0.3913894324853229,0.0,0.0,747.586431833007,0.0,761.480756686236
2024-07-11,15.8,365.5107632093931,0.09393346379647743,1.8786692759295485,0.9393346379647742,3.5694716242661424,0.0,0.18786692759295487,0.0,0.0,358.84148727984314,0.0,365.510763209393
2024-07-12,15.8,365.5107632093931,0.09393346379647743,1.8786692759295485,0.9393346379647742,3.5694716242661424,0.0,0.18786692759295487,0.0,0.0,358.84148727984314,0.0,365.510763209393
2024-07-13,18.2,15.229615133724723,0.003913894324853229,0.07827788649706457,0.03913894324853229,0.1487279843444227,0.0,0.007827788649706457,0.0,0.0,14.951728636660143,0.0,15.229615133724721
2024-07-14,17.2,15.229615133724723,0.003913894324853229,0.07827788649706457,0.03913894324853229,0.1487279843444227,0.0,0.007827788649706457,0.0,0.0,14.951728636660143,0.0,15.229615133724721
2024-07-15,20.3,15.229615133724723,0.003913894324853229,0.07827788649706457,0.03913894324853229,0.1487279843444227,0.0,0.007827788649706457,0.0,0.0,14.951728636660143,0.0,15.229615133724721
2024-07-16,19.0,15.229615133724723,0.003913894324853229,0.07827788649706457,0.03913894324853229,0.1487279843444227,0.0,0.007827788649706457,0.0,0.0,14.951728636660143,0.0,15.229615133724721
2024-07-17,17.1,15.229615133724723,0.003913894324853229,0.07827788649706457,0.03913894324853229,0.1487279843444227,0.0,0.007827788649706457,0.0,0.0,14.951728636660143,0.0,15.229615133724721
2024-07-18,12.9,1248.828440965427,0.3209393346379647,6.418786692759294,3.209393346379647,12.19569471624266,0.0,0.6418786692759294,0.0,0.0,1226.0417482061314,0.0,1248.8284409654268
2024-07-19,15.4,487.347684279191,0.1252446183953033,2.504892367906066,1.252446183953033,4.759295499021525,0.0,0.2504892367906066,0.0,0.0,478.45531637312445,0.0,487.34768427919096
2024-07-20,18.6,15.229615133724723,0.003913894324853229,0.07827788649706457,0.03913894324853229,0.1487279843444227,0.0,0.007827788649706457,0.0,0.0,14.951728636660143,0.0,15.229615133724721
2024-07-21,23.9,15.229615133724723,0.003913894324853229,0.07827788649706457,0.03913894324853229,0.1487279843444227,0.0,0.007827788649706457,0.0,0.0,14.951728636660143,0.0,15.229615133724721
2024-07-22,15.0,609.1846053489888,0.15655577299412915,3.1311154598825826,1.5655577299412913,5.949119373776908,0.0,0.3131115459882583,0.0,0.0,598.0691454664056,0.0,609.1846053489888
2024-07-23,13.0,1218.3692106979777,0.3131115459882583,6.262230919765165,3.1311154598825826,11.898238747553815,0.0,0.6262230919765166,0.0,0.0,1196.1382909328113,0.0,1218.3692106979777
2024-07-24,14.2,852.8584474885846,0.21917808219178087,4.383561643835617,2.1917808219178085,8.328767123287673,0.0,0.43835616438356173,0.0,0.0,837.2968036529682,0.0,852.8584474885846
2024-07-25,15.0,609.1846053489888,0.15655577299412915,3.1311154598825826,1.5655577299412913,5.949119373776908,0.0,0.3131115459882583,0.0,0.0,598.0691454664056,0.0,609.1846053489888
2024-07-26,16.9,30.459230267449875,0.007827788649706569,0.15655577299413137,0.07827788649706569,0.2974559686888496,0.0,0.015655577299413137,0.0,0.0,29.903457273320708,0.0,30.459230267449875
2024-07-27,15.3,517.8069145466403,0.13307240704500972,2.661448140900194,1.330724070450097,5.056751467710369,0.0,0.26614481409001944,0.0,0.0,508.3587736464446,0.0,517.8069145466403
2024-07-28,14.3,822.3992172211348,0.2113502935420743,4.227005870841486,2.113502935420743,8.031311154598823,0.0,0.4227005870841486,0.0,0.0,807.3933463796475,0.0,822.3992172211348
2024-07-29,14.3,822.3992172211348,0.2113502935420743,4.227005870841486,2.113502935420743,8.031311154598823,0.0,0.4227005870841486,0.0,0.0,807.3933463796475,0.0,822.3992172211348
2024-07-30,15.9,335.0515329419438,0.086105675146771,1.72211350293542,0.86105675146771,3.2720156555772983,0.0,0.172211350293542,0.0,0.0,328.93803000652304,0.0,335.0515329419438
2024-07-31,12.8,1279.2876712328764,0.32876712328767116,6.5753424657534225,3.2876712328767113,12.493150684931503,0.0,0.6575342465753423,0.0,0.0,1255.9452054794517,0.0,1279.2876712328764
2024-08-01,14.0,1204.8540145985403,0.40145985401459855,18.248175182481756,233.21167883211683,7.846715328467154,0.0,35.729927007299274,0.0,0.0,909.4160583941606,0.0,1204.8540145985403
2024-08-02,13.3,1485.9866180048662,0.49513381995133815,22.50608272506083,287.62773722627736,9.677615571776155,0.0,44.0669099756691,0.0,0.0,1121.6131386861314,0.0,1485.9866180048662
2024-08-03,17.5,20.080900243309006,0.006690997566909977,0.3041362530413626,3.886861313868614,0.13077858880778592,0.0,0.595498783454988,0.0,0.0,15.156934306569346,0.0,20.080900243309006
2024-08-04,18.2,20.080900243309006,0.006690997566909977,0.3041362530413626,3.886861313868614,0.13077858880778592,0.0,0.595498783454988,0.0,0.0,15.156934306569346,0.0,20.080900243309006
2024-08-05,18.9,20.080900243309006,0.006690997566909977,0.3041362530413626,3.886861313868614,0.13077858880778592,0.0,0.595498783454988,0.0,0.0,15.156934306569346,0.0,20.080900243309006
2024-08-06,21.6,20.080900243309006,0.006690997566909977,0.3041362530413626,3.886861313868614,0.13077858880778592,0.0,0.595498783454988,0.0,0.0,15.156934306569346,0.0,20.080900243309006
2024-08-07,21.0,20.080900243309006,0.006690997566909977,0.3041362530413626,3.886861313868614,0.13077858880778592,0.0,0.595498783454988,0.0,0.0,15.156934306569346,0.0,20.080900243309006
2024-08-08,17.2,20.080900243309006,0.006690997566909977,0.3041362530413626,3.886861313868614,0.13077858880778592,0.0,0.595498783454988,0.0,0.0,15.156934306569346,0.0,20.080900243309006
2024-08-09,15.2,722.9124087591244,0.24087591240875922,10.948905109489058,139.92700729927014,4.708029197080294,0.0,21.43795620437957,0.0,0.0,545.6496350364965,0.0,722.9124087591243
2024-08-10,14.5,1004.0450121654503,0.3345498783454988,15.20681265206813,194.3430656934307,6.538929440389295,0.0,29.7749391727494,0.0,0.0,757.8467153284672,0.0,1004.0450121654503
2024-08-11,11.4,2249.0608272506083,0.7493917274939172,34.0632603406326,435.3284671532847,14.64720194647202,0.0,66.69586374695864,0.0,0.0,1697.5766423357663,0.0,2249.0608272506083
2024-08-12,12.3,1887.604622871046,0.6289537712895377,28.588807785888076,365.3649635036496,12.293187347931871,0.0,55.97688564476885,0.0,0.0,1424.7518248175181,0.0,1887.604622871046
2024-08-13,17.1,20.080900243309006,0.006690997566909977,0.3041362530413626,3.886861313868614,0.13077858880778592,0.0,0.595498783454988,0.0,0.0,15.156934306569346,0.0,20.080900243309006
2024-08-14,18.4,20.080900243309006,0.006690997566909977,0.3041362530413626,3.886861313868614,0.13077858880778592,0.0,0.595498783454988,0.0,0.0,15.156934306569346,0.0,20.080900243309006
2024-08-15,15.9,441.77980535279795,0.14720194647201942,6.690997566909974,85.51094890510947,2.877128953771289,0.0,13.100973236009729,0.0,0.0,333.45255474452546,0.0,441.77980535279795
2024-08-16,13.4,1445.8248175182482,0.4817518248175182,21.897810218978105,279.8540145985402,9.416058394160585,0.0,42.87591240875913,0.0,0.0,1091.2992700729926,0.0,1445.824817518248
2024-08-17,12.6,1767.1192214111925,0.5888077858880779,26.763990267639908,342.043795620438,11.50851581508516,0.0,52.40389294403894,0.0,0.0,1333.8102189781023,0.0,1767.1192214111925
2024-08-18,10.9,2449.8698296836983,0.816301703163017,37.10462287104623,474.1970802919708,15.954987834549877,0.0,72.65085158150852,0.0,0.0,1849.1459854014597,0.0,2449.8698296836983
2024-08-19,12.2,1927.766423357665,0.6423357664233579,29.197080291970813,373.13868613138703,12.55474452554745,0.0,57.167883211678856,0.0,0.0,1455.0656934306573,0.0,1927.7664233576647
2024-08-20,16.2,321.2944038929444,0.10705596107055972,4.866180048661806,62.18978102189788,2.0924574209245765,0.0,9.527980535279816,0.0,0.0,242.51094890510973,0.0,321.2944038929444
2024-08-21,12.8,1686.7956204379561,0.5620437956204379,25.547445255474454,326.4963503649635,10.985401459854014,0.0,50.021897810218974,0.0,0.0,1273.1824817518248,0.0,1686.7956204379561
2024-08-22,13.3,1485.9866180048662,0.49513381995133815,22.50608272506083,287.62773722627736,9.677615571776155,0.0,44.0669099756691,0.0,0.0,1121.6131386861314,0.0,1485.9866180048662
2024-08-23,12.8,1686.7956204379561,0.5620437956204379,25.547445255474454,326.4963503649635,10.985401459854014,0.0,50.021897810218974,0.0,0.0,1273.1824817518248,0.0,1686.7956204379561
2024-08-24,13.1,1566.3102189781025,0.5218978102189782,23.722627737226283,303.1751824817519,10.2007299270073,0.0,46.44890510948906,0.0,0.0,1182.240875912409,0.0,1566.3102189781025
2024-08-25,13.7,1325.3394160583946,0.4416058394160585,20.072992700729934,256.53284671532856,8.631386861313871,0.0,39.30291970802921,0.0,0.0,1000.3576642335769,0.0,1325.3394160583946
2024-08-26,12.1,1967.9282238442827,0.6557177615571778,29.805352798053537,380.91240875912416,12.816301703163019,0.0,58.35888077858882,0.0,0.0,1485.3795620437959,0.0,1967.9282238442825
2024-08-27,12.4,1847.4428223844282,0.6155717761557177,27.980535279805352,357.59124087591243,12.031630170316301,0.0,54.78588807785888,0.0,0.0,1394.4379562043794,0.0,1847.442822384428
2024-08-28,17.3,20.080900243309006,0.006690997566909977,0.3041362530413626,3.886861313868614,0.13077858880778592,0.0,0.595498783454988,0.0,0.0,15.156934306569346,0.0,20.080900243309006
2024-08-29,18.0,20.080900243309006,0.006690997566909977,0.3041362530413626,3.886861313868614,0.13077858880778592,0.0,0.595498783454988,0.0,0.0,15.156934306569346,0.0,20.080900243309006
2024-08-30,12.9,1646.6338199513382,0.548661800486618,24.939172749391727,318.7226277372263,10.723844282238442,0.0,48.830900243309,0.0,0.0,1242.868613138686,0.0,1646.633819951338
2024-08-31,10.3,2690.8406326034064,0.8965936739659367,40.75425790754258,520.8394160583942,17.52433090024331,0.0,79.79683698296837,0.0,0.0,2031.0291970802919,0.0,2690.8406326034064
2024-09-01,11.5,919.9646739130432,6.067934782608694,11.807065217391301,164.4021739130434,0.0,0.0,4.812499999999998,0.0,0.0,732.8749999999998,0.0,919.9646739130432
2024-09-02,14.2,468.345652173913,3.089130434782608,6.010869565217391,83.69565217391303,0.0,0.0,2.4499999999999997,0.0,0.0,373.09999999999997,0.0,468.345652173913
2024-09-03,16.4,100.35978260869587,0.6619565217391318,1.2880434782608723,17.93478260869569,0.0,0.0,0.5250000000000011,0.0,0.0,79.95000000000017,0.0,100.35978260869587
2024-09-04,17.9,8.363315217391303,0.05516304347826086,0.10733695652173912,1.4945652173913042,0.0,0.0,0.04375,0.0,0.0,6.662499999999999,0.0,8.363315217391303
2024-09-05,17.2,8.363315217391303,0.05516304347826086,0.10733695652173912,1.4945652173913042,0.0,0.0,0.04375,0.0,0.0,6.662499999999999,0.0,8.363315217391303
2024-09-06,18.8,8.363315217391303,0.05516304347826086,0.10733695652173912,1.4945652173913042,0.0,0.0,0.04375,0.0,0.0,6.662499999999999,0.0,8.363315217391303
2024-09-07,17.8,8.363315217391303,0.05516304347826086,0.10733695652173912,1.4945652173913042,0.0,0.0,0.04375,0.0,0.0,6.662499999999999,0.0,8.363315217391303
2024-09-08,19.6,8.363315217391303,0.05516304347826086,0.10733695652173912,1.4945652173913042,0.0,0.0,0.04375,0.0,0.0,6.662499999999999,0.0,8.363315217391303
2024-09-09,17.4,8.363315217391303,0.05516304347826086,0.10733695652173912,1.4945652173913042,0.0,0.0,0.04375,0.0,0.0,6.662499999999999,0.0,8.363315217391303
2024-09-10,8.9,1354.8570652173908,8.936413043478257,17.38858695652173,242.1195652173912,0.0,0.0,7.087499999999997,0.0,0.0,1079.3249999999996,0.0,1354.8570652173908
2024-09-11,13.1,652.3385869565216,4.302717391304347,8.37228260869565,116.5760869565217,0.0,0.0,3.412499999999999,0.0,0.0,519.6749999999998,0.0,652.3385869565216
2024-09-12,11.0,1003.5978260869563,6.619565217391303,12.880434782608694,179.34782608695647,0.0,0.0,5.249999999999999,0.0,0.0,799.4999999999998,0.0,1003.5978260869563
2024-09-13,8.2,1471.9434782608691,9.70869565217391,18.891304347826082,263.0434782608695,0.0,0.0,7.6999999999999975,0.0,0.0,1172.5999999999997,0.0,1471.9434782608691
2024-09-14,7.3,1622.4831521739125,10.701630434782604,20.823369565217384,289.94565217391295,0.0,0.0,8.487499999999997,0.0,0.0,1292.5249999999994,0.0,1622.4831521739125
2024-09-15,11.9,853.0581521739127,5.626630434782607,10.948369565217387,152.44565217391298,0.0,0.0,4.462499999999999,0.0,0.0,679.5749999999997,0.0,853.0581521739127
2024-09-16,11.6,903.2380434782607,5.957608695652173,11.592391304347824,161.41304347826085,0.0,0.0,4.724999999999999,0.0,0.0,719.5499999999998,0.0,903.2380434782607
2024-09-17,12.3,786.1516304347822,5.185326086956519,10.089673913043473,140.48913043478254,0.0,0.0,4.112499999999998,0.0,0.0,626.2749999999996,0.0,786.1516304347822
2024-09-18,12.5,752.6983695652173,4.964673913043478,9.66032608695652,134.51086956521738,0.0,0.0,3.9374999999999996,0.0,0.0,599.6249999999999,0.0,752.6983695652173
2024-09-19,13.8,535.2521739130432,3.5304347826086935,6.869565217391301,95.65217391304343,0.0,0.0,2.7999999999999985,0.0,0.0,426.39999999999975,0.0,535.2521739130432
2024-09-20,10.8,1037.0510869565212,6.8402173913043445,13.309782608695645,185.32608695652164,0.0,0.0,5.424999999999997,0.0,0.0,826.1499999999995,0.0,1037.0510869565212
2024-09-21,8.6,1405.0369565217386,9.267391304347822,18.03260869565217,251.08695652173904,0.0,0.0,7.349999999999997,0.0,0.0,1119.2999999999995,0.0,1405.0369565217386
2024-09-22,6.4,1773.022826086956,11.6945652173913,22.75543478260869,316.84782608695645,0.0,0.0,9.274999999999997,0.0,0.0,1412.4499999999996,0.0,1773.022826086956
2024-09-23,7.6,1572.3032608695648,10.37065217391304,20.179347826086953,280.97826086956513,0.0,0.0,8.224999999999998,0.0,0.0,1252.5499999999997,0.0,1572.3032608695648
2024-09-24,6.8,1706.1163043478255,11.253260869565214,21.896739130434774,304.89130434782595,0.0,0.0,8.924999999999997,0.0,0.0,1359.1499999999994,0.0,1706.1163043478255
2024-09-25,6.4,1773.022826086956,11.6945652173913,22.75543478260869,316.84782608695645,0.0,0.0,9.274999999999997,0.0,0.0,1412.4499999999996,0.0,1773.022826086956
2024-09-26,7.2,1639.2097826086951,10.811956521739127,21.038043478260864,292.93478260869557,0.0,0.0,8.574999999999998,0.0,0.0,1305.8499999999997,0.0,1639.2097826086951
2024-09-27,5.7,1890.1092391304344,12.466847826086953,24.25815217391304,337.7717391304347,0.0,0.0,9.887499999999998,0.0,0.0,1505.7249999999997,0.0,1890.1092391304344
2024-09-28,3.2,2308.2749999999996,15.224999999999998,29.624999999999996,412.49999999999994,0.0,0.0,12.074999999999998,0.0,0.0,1838.8499999999997,0.0,2308.2749999999996
2024-09-29,3.2,2308.2749999999996,15.224999999999998,29.624999999999996,412.49999999999994,0.0,0.0,12.074999999999998,0.0,0.0,1838.8499999999997,0.0,2308.2749999999996
2024-09-30,5.7,1890.1092391304344,12.466847826086953,24.25815217391304,337.7717391304347,0.0,0.0,9.887499999999998,0.0,0.0,1505.7249999999997,0.0,1890.1092391304344
2024-10-01,8.8,1354.715536814791,3.5108660395718463,12.181641258514436,319.382419721051,0.0,0.0,2.1543950697372694,0.2393772299708077,0.0,1017.2468374959458,0.0,1354.7155368147912
2024-10-02,7.0,1652.092118066818,4.2815439506973725,14.855660071359067,389.4907557573792,0.0,0.0,2.627311060655206,0.2919234511839118,0.0,1240.5449237755433,0.0,1652.092118066818
2024-10-03,8.3,1437.3201427181318,3.7249432371067144,12.924424262082388,338.85695750891995,0.0,0.0,2.2857606227700296,0.2539734025300033,0.0,1079.2740836847229,0.0,1437.320142718132
2024-10-04,7.6,1552.9665909828093,4.024651313655531,13.964320467077524,366.1213104119365,0.0,0.0,2.469672397015894,0.2744080441128771,0.0,1166.112228349011,0.0,1552.9665909828093
2024-10-05,6.2,1784.2594875121638,4.624067466753163,16.044112877067793,420.6500162179696,0.0,0.0,2.837495945507623,0.3152773272786248,0.0,1339.7885176775872,0.0,1784.259487512164
2024-10-06,5.8,1850.3431722348364,4.7953292247810575,16.638339279922153,436.22964644826476,0.0,0.0,2.942588387933831,0.3269542653259812,0.0,1389.4103146286088,0.0,1850.3431722348366
2024-10-07,5.5,1899.905935776841,4.923775543301979,17.084009082062927,447.9143691209861,0.0,0.0,3.0214077197534874,0.3357119688614986,0.0,1426.626662341875,0.0,1899.905935776841
2024-10-08,8.8,1354.715536814791,3.5108660395718463,12.181641258514436,319.382419721051,0.0,0.0,2.1543950697372694,0.2393772299708077,0.0,1017.2468374959458,0.0,1354.7155368147912
2024-10-09,9.0,1321.6736944534546,3.4252351605578983,11.884528057087254,311.5926046059034,0.0,0.0,2.101848848524165,0.23353876094712944,0.0,992.4359390204348,0.0,1321.6736944534546
2024-10-10,3.1,2296.4080441128776,5.9513460914693495,20.649367499189104,541.3921505027572,0.0,0.0,3.6519623743107372,0.4057735971456375,0.0,1724.3574440480056,0.0,2296.4080441128776
2024-10-11,3.2,2279.8871229322094,5.9085306519623755,20.500810898475514,537.4972429451834,0.0,0.0,3.625689263704185,0.40285436263379837,0.0,1711.9519948102502,0.0,2279.8871229322094
2024-10-12,4.1,2131.198832306196,5.523191696399612,19.1638014920532,502.4430749270193,0.0,0.0,3.389231268245217,0.37658125202724635,0.0,1600.3029516704514,0.0,2131.198832306196
2024-10-13,8.9,1338.1946156341226,3.468050600064872,12.033084657800842,315.4875121634771,0.0,0.0,2.128121959130717,0.23645799545896853,0.0,1004.8413882581901,0.0,1338.1946156341226
2024-10-14,2.7,2362.49172883555,6.122607849497244,21.243593902043465,556.9717807330522,0.0,0.0,3.757054816736945,0.4174505351929939,0.0,1773.9792409990273,0.0,2362.49172883555
2024-10-15,2.6,2379.0126500162182,6.1654232890042175,21.392150502757055,560.8666882906261,0.0,0.0,3.783327927343497,0.42036976970483303,0.0,1786.3846902367827,0.0,2379.0126500162187
2024-10-16,5.0,1982.510541680182,5.137852740836848,17.82679208563088,467.3889069088551,0.0,0.0,3.1527732727862476,0.3503081414206942,0.0,1488.6539085306524,0.0,1982.510541680182
2024-10-17,12.3,776.4832954914045,2.012325656827765,6.982160233538761,183.06065520596823,0.0,0.0,1.2348361985079468,0.13720402205643856,0.0,583.0561141745054,0.0,776.4832954914045
2024-10-18,10.4,1090.3807979241,2.8258190074602663,9.804735647096985,257.0638987998703,0.0,0.0,1.7340253000324362,0.1926694777813818,0.0,818.7596496918587,0.0,1090.3807979241
2024-10-19,13.7,545.1903989620502,1.4129095037301336,4.902367823548493,128.53194939993517,0.0,0.0,0.8670126500162183,0.09633473889069093,0.0,409.3798248459295,0.0,545.1903989620502
2024-10-20,12.4,759.9623743107363,1.9695102173207915,6.83360363282517,179.16574764839444,0.0,0.0,1.2085630879013947,0.1342847875445994,0.0,570.65066493675,0.0,759.9623743107363
2024-10-21,13.0,660.8368472267273,1.7126175802789492,5.942264028543627,155.7963023029517,0.0,0.0,1.0509244242620825,0.11676938047356472,0.0,496.2179695102174,0.0,660.8368472267273
2024-10-22,9.5,1239.0690885501137,3.2111579630230302,11.141745053519301,292.11806681803444,0.0,0.0,1.9704832954914049,0.21894258838793387,0.0,930.4086928316577,0.0,1239.0690885501137
2024-10-23,7.5,1569.4875121634775,4.067466753162505,14.112877067791116,370.0162179695103,0.0,0.0,2.495945507622446,0.27732727862471623,0.0,1178.5176775867665,0.0,1569.4875121634775
2024-10-24,11.4,925.1715861174182,2.3976646123905287,8.319169639961077,218.11482322413238,0.0,0.0,1.4712941939669155,0.1634771326629906,0.0,694.7051573143044,0.0,925.1715861174183
2024-10-25,5.7,1866.8640934155048,4.838144664288032,16.786895880635747,440.1245540058386,0.0,0.0,2.9688614985403836,0.3298734998378204,0.0,1401.8157638663645,0.0,1866.864093415505
2024-10-26,6.9,1668.6130392474863,4.3243593902043465,15.004216672072657,393.385663314953,0.0,0.0,2.653584171261758,0.2948426856957509,0.0,1252.950373013299,0.0,1668.6130392474865
2024-10-27,7.7,1536.445669802141,3.9818358741485573,13.815763866363934,362.22640285436273,0.0,0.0,2.443399286409342,0.271488809601038,0.0,1153.7067791112556,0.0,1536.4456698021413
2024-10-28,2.5,2395.5335711968864,6.2082387285111915,21.54070710347065,564.7615958481999,0.0,0.0,3.809601037950049,0.42328900421667215,0.0,1798.7901394745381,0.0,2395.5335711968864
2024-10-29,2.8,2345.970807654882,6.07979240999027,21.095037301329874,553.0768731754785,0.0,0.0,3.7307817061303927,0.41453130068115474,0.0,1761.5737917612717,0.0,2345.970807654882
2024-10-30,4.6,2048.594226402855,5.309114498864743,18.421018488485245,482.9685371391503,0.0,0.0,3.257865715212456,0.3619850794680507,0.0,1538.2757054816743,0.0,2048.5942264028554
2024-10-31,1.7,2527.700940642232,6.5507622445669815,22.729159909179373,595.9208563087902,0.0,0.0,4.019785922802466,0.4466428803113851,0.0,1898.0337333765817,0.0,2527.700940642232
2024-11-01,1.4,2538.477537058153,20.811858608893957,15.902394526795895,800.2070695553022,0.0,0.0,188.12497149372865,10.459293044469783,0.0,1502.9719498289624,0.0,2538.477537058153
2024-11-02,1.0,2603.5667046750286,21.34549600912201,16.310148232611176,820.7251995438996,0.0,0.0,192.94868871151655,10.727480045610035,0.0,1541.509692132269,0.0,2603.5667046750286
2024-11-03,5.5,1871.3135689851767,15.342075256556443,11.722919042189282,589.8962371721778,0.0,0.0,138.6818700114025,7.710376282782212,0.0,1107.9600912200683,0.0,1871.3135689851765
2024-11-04,7.3,1578.412314709236,12.940706955530215,9.888027366020523,497.56465222348913,0.0,0.0,116.9751425313569,6.503534777651082,0.0,934.540250855188,0.0,1578.412314709236
2024-11-05,8.2,1431.9616875712659,11.740022805017105,8.970581527936147,451.3988597491449,0.0,0.0,106.12177879133412,5.90011402508552,0.0,847.8303306727481,0.0,1431.9616875712659
2024-11-06,4.9,1968.9473204104902,16.142531356898516,12.334549600912199,620.6734321550741,0.0,0.0,145.91744583808438,8.112656784492588,0.0,1165.7667046750284,0.0,1968.9473204104902
2024-11-07,6.8,1659.7737742303307,13.607753705815279,10.397719498289623,523.212314709236,0.0,0.0,123.0047890535918,6.838768529076397,0.0,982.7124287343215,0.0,1659.7737742303307
2024-11-08,4.5,2034.036488027366,16.676168757126568,12.74230330672748,641.1915621436716,0.0,0.0,150.7411630558723,8.38084378563284,0.0,1204.3044469783351,0.0,2034.036488027366
2024-11-09,6.7,1676.0460661345498,13.741163055872294,10.499657924743445,528.3418472063855,0.0,0.0,124.21071835803879,6.905815279361461,0.0,992.3468643101484,0.0,1676.0460661345498
2024-11-10,0.2,2733.7450399087797,22.412770809578106,17.125655644241732,861.7614595210946,0.0,0.0,202.59612314709236,11.263854047890534,0.0,1618.5851767388824,0.0,2733.7450399087797
2024-11-11,2.2,2408.2992018244013,19.744583808437856,15.086887115165336,759.1708095781072,0.0,0.0,178.4775370581528,9.922919042189282,0.0,1425.8964652223488,0.0,2408.2992018244013
2024-11-12,6.4,1724.8629418472062,14.14139110604333,10.805473204104903,543.7304446978335,0.0,0.0,127.8285062713797,7.106955530216647,0.0,1021.2501710376281,0.0,1724.8629418472062
2024-11-13,7.4,1562.140022805017,12.807297605473204,9.786088939566705,492.43511972633974,0.0,0.0,115.76921322690993,6.43648802736602,0.0,924.9058152793614,0.0,1562.140022805017
2024-11-14,4.5,2034.036488027366,16.676168757126568,12.74230330672748,641.1915621436716,0.0,0.0,150.7411630558723,8.38084378563284,0.0,1204.3044469783351,0.0,2034.036488027366
2024-11-15,10.5,1057.6989737742304,8.671607753705816,6.625997719498289,333.41961231470924,0.0,0.0,78.3854047890536,4.3580387685290765,0.0,626.2383124287343,0.0,1057.6989737742304
2024-11-16,1.4,2538.477537058153,20.811858608893957,15.902394526795895,800.2070695553022,0.0,0.0,188.12497149372865,10.459293044469783,0.0,1502.9719498289624,0.0,2538.477537058153
2024-11-17,3.1,2261.848574686431,18.543899657924747,14.169441277080958,713.0050171037628,0.0,0.0,167.62417331813,9.319498289623718,0.0,1339.1865450399089,0.0,2261.848574686431
2024-11-18,0.8,2636.111288483466,21.61231470923603,16.514025085518814,830.9842645381983,0.0,0.0,195.3605473204105,10.861573546180159,0.0,1560.7785632839223,0.0,2636.111288483466
2024-11-19,-0.2,2798.8342075256555,22.946408209806158,17.533409350057013,882.2795895096921,0.0,0.0,207.4198403648803,11.532041049030786,0.0,1657.122919042189,0.0,2798.834207525655
2024-11-20,-5.9,3726.354846066134,30.550741163055868,23.34389965792474,1174.6629418472062,0.0,0.0,276.157810718358,15.353705815279358,0.0,2206.2857468643097,0.0,3726.354846066134
2024-11-21,-7.7,4019.256100342075,32.9521094640821,25.1787913340935,1266.9945267958951,0.0,0.0,297.86453819840364,16.56054732041049,0.0,2379.7055872291903,0.0,4019.256100342075
2024-11-22,-4.1,3433.453591790194,28.149372862029647,21.509007981755985,1082.3313568985177,0.0,0.0,254.45108323831246,14.146864310148233,0.0,2032.86590649943,0.0,3433.453591790194
2024-11-23,-0.3,2815.106499429875,23.079817559863173,17.635347776510834,887.4091220068416,0.0,0.0,208.6257696693273,11.59908779931585,0.0,1666.757354618016,0.0,2815.106499429875
2024-11-24,0.4,2701.2004561003423,22.145952109464083,16.921778791334095,851.5023945267959,0.0,0.0,200.18426453819845,11.12976054732041,0.0,1599.3163055872292,0.0,2701.2004561003423
2024-11-25,5.5,1871.3135689851767,15.342075256556443,11.722919042189282,589.8962371721778,0.0,0.0,138.6818700114025,7.710376282782212,0.0,1107.9600912200683,0.0,1871.3135689851765
2024-11-26,2.6,2343.210034207526,19.21094640820981,14.679133409350058,738.6526795895098,0.0,0.0,173.65381984036492,9.654732041049032,0.0,1387.3587229190423,0.0,2343.210034207526
2024-11-27,-1.3,2977.829418472064,24.413911060433296,18.65473204104903,938.7044469783352,0.0,0.0,220.68506271379707,12.269555302166477,0.0,1763.1017103762827,0.0,2977.8294184720635
2024-11-28,-4.5,3498.5427594070693,28.683010262257696,21.916761687571263,1102.849486887115,0.0,0.0,259.27480045610037,14.415051311288481,0.0,2071.4036488027364,0.0,3498.5427594070693
2024-11-29,1.7,2489.660661345496,20.41163055872292,15.596579247434436,784.8184720638541,0.0,0.0,184.5071835803877,10.258152793614595,0.0,1474.0686431014822,0.0,2489.660661345496
2024-11-30,2.5,2359.4823261117444,19.34435575826682,14.781071835803877,743.782212086659,0.0,0.0,174.85974914481187,9.721778791334092,0.0,1396.9931584948688,0.0,2359.4823261117444
2024-12-01,10.5,1040.574393752569,13.344636251541308,7.827784628031239,315.34217016029595,0.0,0.0,72.30682285244556,7.346896835182903,0.0,624.406083025072,0.0,1040.574393752569
2024-12-02,1.2,2529.3962186600907,32.43773119605426,19.0275380189067,766.5240443896424,0.0,0.0,175.76120016440612,17.858610768598442,0.0,1517.7870941224828,0.0,2529.3962186600907
2024-12-03,-4.2,3393.8734073160713,43.52404438964243,25.530620632963423,1028.5006165228115,0.0,0.0,235.83148376489936,23.96218660090424,0.0,2036.5244554048504,0.0,3393.8734073160713
2024-12-04,-3.2,3233.785039046445,41.47102342786683,24.32634607480477,979.9864364981505,0.0,0.0,224.7073571722154,22.831894780106868,0.0,1940.4619810933007,0.0,3233.785039046445
2024-12-05,1.6,2465.3608713522403,31.616522811344023,18.545828195643242,747.1183723797781,0.0,0.0,171.31154952733255,17.406494040279494,0.0,1479.362104397863,0.0,2465.3608713522403
2024-12-06,4.0,2081.148787505138,26.689272503082616,15.655569256062478,630.6843403205919,0.0,0.0,144.61364570489113,14.693793670365807,0.0,1248.812166050144,0.0,2081.148787505138
2024-12-07,2.0,2401.32552404439,30.79531442663379,18.06411837237978,727.7127003699138,0.0,0.0,166.86189889025897,16.954377311960545,0.0,1440.9371146732433,0.0,2401.3255240443905
2024-12-08,3.0,2241.237155774764,28.7422934648582,16.859843814221126,679.1985203452527,0.0,0.0,155.73777229757502,15.824085491163174,0.0,1344.8746403616935,0.0,2241.237155774764
2024-12-09,-1.4,2945.625976161118,37.77558569667078,22.158651870119197,892.6609124537608,0.0,0.0,204.68392930538434,20.7973695026716,0.0,1767.5495273325116,0.0,2945.625976161118
2024-12-10,1.7,2449.3520345252778,31.411220715166465,18.425400739827378,742.266954377312,0.0,0.0,170.19913686806416,17.293464858199755,0.0,1469.755856966708,0.0,2449.3520345252778
2024-12-11,1.9,2417.334360871352,31.00061652281134,18.184545828195642,732.5641183723798,0.0,0.0,167.97431154952733,17.06740649404028,0.0,1450.5433621043978,0.0,2417.334360871352
2024-12-12,0.6,2625.4492396218657,33.6695437731196,19.75010275380189,795.6325524044388,0.0,0.0,182.43567612001644,18.536785861076858,0.0,1575.4245787094121,0.0,2625.4492396218657
2024-12-13,4.3,2033.12227702425,26.07336621454994,15.29428688861488,616.1300863131936,0.0,0.0,141.2764077270859,14.354706124126594,0.0,1219.9934237566792,0.0,2033.1222770242503
2024-12-14,1.2,2529.3962186600907,32.43773119605426,19.0275380189067,766.5240443896424,0.0,0.0,175.76120016440612,17.858610768598442,0.0,1517.7870941224828,0.0,2529.3962186600907
2024-12-15,1.4,2497.378545006165,32.027127003699135,18.786683107274968,756.8212083847102,0.0,0.0,173.5363748458693,17.632552404438965,0.0,1498.5745992601726,0.0,2497.378545006165
2024-12-16,1.7,2449.3520345252778,31.411220715166465,18.425400739827378,742.266954377312,0.0,0.0,170.19913686806416,17.293464858199755,0.0,1469.755856966708,0.0,2449.3520345252778
2024-12-17,1.9,2417.334360871352,31.00061652281134,18.184545828195642,732.5641183723798,0.0,0.0,167.97431154952733,17.06740649404028,0.0,1450.5433621043978,0.0,2417.334360871352
2024-12-18,3.1,2225.228318947801,28.536991368680642,16.73941635840526,674.3471023427867,0.0,0.0,154.62535963830663,15.711056309083437,0.0,1335.2683929305385,0.0,2225.228318947801
2024-12-19,3.7,2129.1752979860257,27.305178791615294,16.01685162351007,645.2385943279902,0.0,0.0,147.9508836826963,15.032881216605016,0.0,1277.630908343609,0.0,2129.1752979860257
2024-12-20,-0.1,2737.5110974106046,35.10665844636252,20.593094944512952,829.5924784217017,0.0,0.0,190.22256473489523,19.327990135635023,0.0,1642.6683107274973,0.0,2737.5110974106046
2024-12-21,-3.3,3249.793875873408,41.6763255240444,24.44677353062064,984.8378545006167,0.0,0.0,225.81976983148382,22.944923962186607,0.0,1950.068228524456,0.0,3249.793875873408
2024-12-22,-2.1,3057.687833949856,39.21270036991369,23.00164406083025,926.6208384710234,0.0,0.0,212.47081792026307,21.588573777229758,0.0,1834.7932593505961,0.0,3057.687833949856
2024-12-23,0.3,2673.475750102754,34.285450061652284,20.111385121249487,810.1868064118372,0.0,0.0,185.77291409782163,18.87587340731607,0.0,1604.2433210028773,0.0,2673.4757501027543
2024-12-24,1.7,2449.3520345252778,31.411220715166465,18.425400739827378,742.266954377312,0.0,0.0,170.19913686806416,17.293464858199755,0.0,1469.755856966708,0.0,2449.3520345252778
2024-12-25,6.7,1648.910193177148,21.146115906288536,12.404027949034116,499.6960542540075,0.0,0.0,114.5785039046445,11.642005754212908,0.0,989.4434854089604,0.0,1648.910193177148
2024-12-26,4.8,1953.078092889437,25.046855733662145,14.692149609535553,591.8729963008631,0.0,0.0,135.71434443074395,13.789560213727908,0.0,1171.9621866009043,0.0,1953.078092889437
2024-12-27,2.1,2385.316687217427,30.590012330456226,17.943690916563913,722.8612823674475,0.0,0.0,165.74948623099056,16.841348129880807,0.0,1431.330867242088,0.0,2385.316687217427
2024-12-28,2.0,2401.32552404439,30.79531442663379,18.06411837237978,727.7127003699138,0.0,0.0,166.86189889025897,16.954377311960545,0.0,1440.9371146732433,0.0,2401.3255240443905
2024-12-29,1.6,2465.3608713522403,31.616522811344023,18.545828195643242,747.1183723797781,0.0,0.0,171.31154952733255,17.406494040279494,0.0,1479.362104397863,0.0,2465.3608713522403
2024-12-30,-2.0,3041.678997122894,39.007398273736136,22.88121660501439,921.7694204685574,0.0,0.0,211.35840526099472,21.475544595150026,0.0,1825.1870119194414,0.0,3041.678997122894
2024-12-31,-6.3,3730.058980682286,47.835388409371156,28.059597205096594,1130.3803945745994,0.0,0.0,259.1921496095356,26.335799424578717,0.0,2238.2556514591047,0.0,3730.0589806822863
