date,outdoor_temp_C,daily_load_index,daily_total_mwh,Waste heat,Electricity,Biomass,Fossil fuel,check_sum_sources_mwh,check_error_daily_mwh
2024-01-01,-4.3,27.9,3177.960624071323,1599.1935483870968,1028.318487274121,225.11506049670976,325.3335279133952,3177.960624071323,0.0
2024-01-02,-8.6,32.2,3667.7538385339285,1599.1935483870968,1028.318487274121,225.11506049670976,815.1267423760011,3667.7538385339285,0.0
2024-01-03,-10.1,33.7,3838.6119366022795,1599.1935483870968,1028.318487274121,225.11506049670976,985.984840444352,3838.6119366022795,0.0
2024-01-04,-11.4,35.0,3986.6889549281827,1599.1935483870968,1028.318487274121,225.11506049670976,1134.0618587702552,3986.6889549281827,0.0
2024-01-05,-10.2,33.8,3850.002476473502,1599.1935483870968,1028.318487274121,225.11506049670976,997.3753803155743,3850.0024764735017,-4.547473508864641e-13
2024-01-06,-7.3,30.9,3519.676820208024,1599.1935483870968,1028.318487274121,225.11506049670976,667.0497240500961,3519.676820208024,0.0
2024-01-07,-10.8,34.4,3918.345715700842,1599.1935483870968,1028.318487274121,225.11506049670976,1065.7186195429142,3918.3457157008415,-4.547473508864641e-13
2024-01-08,1.3,22.299999999999997,2540.090391282813,1599.1935483870968,940.8968428957162,0.0,0.0,2540.090391282813,0.0
2024-01-09,3.7,19.9,2266.7174343734523,1599.1935483870968,667.5238859863555,0.0,0.0,2266.7174343734523,0.0
2024-01-10,3.9,19.7,2243.936354631006,1599.1935483870968,644.7428062439092,0.0,0.0,2243.936354631006,0.0
2024-01-11,3.7,19.9,2266.7174343734523,1599.1935483870968,667.5238859863555,0.0,0.0,2266.7174343734523,0.0
2024-01-12,3.7,19.9,2266.7174343734523,1599.1935483870968,667.5238859863555,0.0,0.0,2266.7174343734523,0.0
2024-01-13,2.2,21.4,2437.575532441803,1599.1935483870968,838.381984054706,0.0,0.0,2437.575532441803,0.0
2024-01-14,-2.3,25.9,2950.149826646855,1599.1935483870968,1028.318487274121,225.11506049670976,97.52273048892754,2950.149826646855,0.0
2024-01-15,-9.1,32.7,3724.706537890045,1599.1935483870968,1028.318487274121,225.11506049670976,872.0794417321177,3724.706537890045,0.0
2024-01-16,-9.8,33.4,3804.4403169886086,1599.1935483870968,1028.318487274121,225.11506049670976,951.8132208306807,3804.440316988608,-4.547473508864641e-13
2024-01-17,-13.7,37.3,4248.67137196632,1599.1935483870968,1028.318487274121,225.11506049670976,1396.0442758083932,4248.67137196632,0.0
2024-01-18,-13.5,37.1,4225.890292223874,1599.1935483870968,1028.318487274121,225.11506049670976,1373.2631960659469,4225.890292223874,0.0
2024-01-19,-10.9,34.5,3929.736255572066,1599.1935483870968,1028.318487274121,225.11506049670976,1077.1091594141383,3929.7362555720656,-4.547473508864641e-13
2024-01-20,-8.7,32.3,3679.144378405151,1599.1935483870968,1028.318487274121,225.11506049670976,826.5172822472233,3679.1443784051507,-4.547473508864641e-13
2024-01-21,0.7,22.9,2608.4336305101533,1599.1935483870968,1009.2400821230565,0.0,0.0,2608.4336305101533,0.0
2024-01-22,5.6,18.0,2050.2971768202083,1599.1935483870968,451.10362843311145,0.0,0.0,2050.2971768202083,0.0
2024-01-23,2.8,20.799999999999997,2369.2322932144625,1599.1935483870968,770.0387448273657,0.0,0.0,2369.2322932144625,0.0
2024-01-24,2.7,20.9,2380.622833085686,1599.1935483870968,781.4292846985893,0.0,0.0,2380.622833085686,0.0
2024-01-25,2.5,21.1,2403.4039128281333,1599.1935483870968,804.2103644410365,0.0,0.0,2403.4039128281333,0.0
2024-01-26,4.1,19.5,2221.1552748885592,1599.1935483870968,621.9617265014624,0.0,0.0,2221.1552748885592,0.0
2024-01-27,3.8,19.799999999999997,2255.3268945022287,1599.1935483870968,656.1333461151319,0.0,0.0,2255.3268945022287,0.0
2024-01-28,6.3,17.299999999999997,1970.5633977216444,1599.1935483870968,371.36984933454755,0.0,0.0,1970.5633977216444,0.0
2024-01-29,5.0,18.6,2118.6404160475486,1599.1935483870968,519.4468676604517,0.0,0.0,2118.6404160475486,0.0
2024-01-30,-0.7,24.299999999999997,2767.901188707281,1599.1935483870968,1028.318487274121,140.3891530460632,0.0,2767.901188707281,0.0
2024-01-31,3.4,20.2,2300.8890539871227,1599.1935483870968,701.6955056000259,0.0,0.0,2300.8890539871227,0.0
2024-02-01,0.4,23.200000000000003,2705.260011280316,1554.1379310344828,997.1811541856179,153.94092606021545,0.0,2705.260011280316,0.0
2024-02-02,2.8,20.799999999999997,2425.405527354766,1554.1379310344828,871.2675963202832,0.0,0.0,2425.405527354766,0.0
2024-02-03,0.5,23.1,2693.599407783418,1554.1379310344828,997.1811541856179,142.2803225633173,0.0,2693.599407783418,0.0
2024-02-04,-1.7,25.299999999999997,2950.1326847151718,1554.1379310344828,997.1811541856179,366.3179380780904,32.49566141698068,2950.1326847151713,-4.547473508864641e-13
2024-02-05,-2.3,25.9,3020.0963056965597,1554.1379310344828,997.1811541856179,366.3179380780904,102.45928239836866,3020.0963056965593,-4.547473508864641e-13
2024-02-06,-6.5,30.1,3509.8416525662724,1554.1379310344828,997.1811541856179,366.3179380780904,592.2046292680811,3509.841652566272,-4.547473508864641e-13
2024-02-07,-10.3,33.9,3952.9445854483924,1554.1379310344828,997.1811541856179,366.3179380780904,1035.3075621502014,3952.944585448392,-4.547473508864641e-13
2024-02-08,-7.2,30.799999999999997,3591.465877044557,1554.1379310344828,997.1811541856179,366.3179380780904,673.8288537463659,3591.4658770445567,-4.547473508864641e-13
2024-02-09,-7.6,31.200000000000003,3638.1082910321497,1554.1379310344828,997.1811541856179,366.3179380780904,720.4712677339585,3638.1082910321493,-4.547473508864641e-13
2024-02-10,-8.9,32.5,3789.6961364918225,1554.1379310344828,997.1811541856179,366.3179380780904,872.0591131936312,3789.696136491822,-4.547473508864641e-13
2024-02-11,-4.7,28.299999999999997,3299.9507896221094,1554.1379310344828,997.1811541856179,366.3179380780904,382.31376632391834,3299.9507896221094,0.0
2024-02-12,-2.4,26.0,3031.756909193458,1554.1379310344828,997.1811541856179,366.3179380780904,114.1198858952668,3031.7569091934574,-4.547473508864641e-13
2024-02-13,-3.6,27.200000000000003,3171.684151156233,1554.1379310344828,997.1811541856179,366.3179380780904,254.04712785804193,3171.684151156233,0.0
2024-02-14,-3.5,27.1,3160.023547659335,1554.1379310344828,997.1811541856179,366.3179380780904,242.38652436114378,3160.023547659335,0.0
2024-02-15,-0.3,23.9,2786.884235758602,1554.1379310344828,997.1811541856179,235.56515053850111,0.0,2786.884235758602,0.0
2024-02-16,1.1,22.5,2623.635786802031,1554.1379310344828,997.1811541856179,72.31670158193023,0.0,2623.635786802031,0.0
2024-02-17,-0.8,24.4,2845.1872532430907,1554.1379310344828,997.1811541856179,293.86816802299,0.0,2845.1872532430907,0.0
2024-02-18,-3.8,27.4,3195.0053581500283,1554.1379310344828,997.1811541856179,366.3179380780904,277.3683348518373,3195.005358150028,-4.547473508864641e-13
2024-02-19,-5.4,29.0,3381.575014100395,1554.1379310344828,997.1811541856179,366.3179380780904,463.93799080220407,3381.575014100395,0.0
2024-02-20,-0.4,24.0,2798.5448392554995,1554.1379310344828,997.1811541856179,247.2257540353988,0.0,2798.5448392554995,0.0
2024-02-21,2.5,21.1,2460.38733784546,1554.1379310344828,906.2494068109772,0.0,0.0,2460.38733784546,0.0
2024-02-22,6.1,17.5,2040.6056119571351,1554.1379310344828,486.46768092265233,0.0,0.0,2040.6056119571351,0.0
2024-02-23,5.9,17.7,2063.9268189509307,1554.1379310344828,509.78888791644795,0.0,0.0,2063.9268189509307,0.0
2024-02-24,5.5,18.1,2110.569232938523,1554.1379310344828,556.4313019040401,0.0,0.0,2110.569232938523,0.0
2024-02-25,4.6,19.0,2215.5146644106035,1554.1379310344828,661.3767333761207,0.0,0.0,2215.5146644106035,0.0
2024-02-26,1.7,21.9,2553.672165820643,1554.1379310344828,997.1811541856179,2.3530806005422518,0.0,2553.672165820643,0.0
2024-02-27,1.1,22.5,2623.635786802031,1554.1379310344828,997.1811541856179,72.31670158193023,0.0,2623.635786802031,0.0
2024-02-28,5.3,18.299999999999997,2133.890439932318,1554.1379310344828,579.752508897835,0.0,0.0,2133.890439932318,0.0
2024-02-29,7.1,16.5,1923.9995769881557,1554.1379310344828,369.8616459536729,0.0,0.0,1923.9995769881557,0.0
2024-03-01,7.2,16.4,1841.6448657187989,1281.7096774193549,559.935188299444,0.0,0.0,1841.6448657187989,0.0
2024-03-02,6.4,17.2,1931.4812006319112,1281.7096774193549,649.7715232125563,0.0,0.0,1931.4812006319112,0.0
2024-03-03,6.2,17.4,1953.940284360189,1281.7096774193549,672.2306069408342,0.0,0.0,1953.940284360189,0.0
2024-03-04,7.0,16.6,1864.1039494470774,1281.7096774193549,582.3942720277225,0.0,0.0,1864.1039494470774,0.0
2024-03-05,5.1,18.5,2077.4652448657184,1281.7096774193549,727.2666511746423,68.48891627172125,0.0,2077.4652448657184,0.0
2024-03-06,0.5,23.1,2594.024170616113,1281.7096774193549,727.2666511746423,441.30616219062756,143.74167983148848,2594.024170616113,0.0
2024-03-07,1.2,22.4,2515.4173775671397,1281.7096774193549,727.2666511746423,441.30616219062756,65.134886782515,2515.4173775671397,0.0
2024-03-08,1.1,22.5,2526.646919431279,1281.7096774193549,727.2666511746423,441.30616219062756,76.36442864665426,2526.646919431279,0.0
2024-03-09,0.6,23.0,2582.794628751974,1281.7096774193549,727.2666511746423,441.30616219062756,132.51213796734922,2582.794628751974,0.0
2024-03-10,-0.7,24.299999999999997,2728.778672985781,1281.7096774193549,727.2666511746423,441.30616219062756,278.49618220115644,2728.778672985781,0.0
2024-03-11,-0.8,24.4,2740.0082148499205,1281.7096774193549,727.2666511746423,441.30616219062756,289.7257240652957,2740.0082148499205,0.0
2024-03-12,-1.0,24.6,2762.4672985781986,1281.7096774193549,727.2666511746423,441.30616219062756,312.1848077935738,2762.4672985781986,0.0
2024-03-13,3.1,20.5,2302.056082148499,1281.7096774193549,727.2666511746423,293.07975355450196,0.0,2302.056082148499,0.0
2024-03-14,5.1,18.5,2077.4652448657184,1281.7096774193549,727.2666511746423,68.48891627172125,0.0,2077.4652448657184,0.0
2024-03-15,3.6,20.0,2245.9083728278038,1281.7096774193549,727.2666511746423,236.93204423380658,0.0,2245.9083728278038,0.0
2024-03-16,0.2,23.4,2627.71279620853,1281.7096774193549,727.2666511746423,441.30616219062756,177.43030542390537,2627.71279620853,0.0
2024-03-17,0.3,23.299999999999997,2616.483254344391,1281.7096774193549,727.2666511746423,441.30616219062756,166.2007635597661,2616.483254344391,0.0
2024-03-18,4.3,19.299999999999997,2167.3015797788303,1281.7096774193549,727.2666511746423,158.3252511848331,0.0,2167.3015797788303,0.0
2024-03-19,5.6,18.0,2021.3175355450232,1281.7096774193549,727.2666511746423,12.341206951026066,0.0,2021.3175355450232,0.0
2024-03-20,4.4,19.2,2156.0720379146915,1281.7096774193549,727.2666511746423,147.09570932069428,0.0,2156.0720379146915,0.0
2024-03-21,3.3,20.299999999999997,2279.59699842022,1281.7096774193549,727.2666511746423,270.620669826223,0.0,2279.59699842022,0.0
2024-03-22,5.7,17.9,2010.087993680884,1281.7096774193549,727.2666511746423,1.111665086886802,0.0,2010.087993680884,0.0
2024-03-23,3.6,20.0,2245.9083728278038,1281.7096774193549,727.2666511746423,236.93204423380658,0.0,2245.9083728278038,0.0
2024-03-24,1.2,22.4,2515.4173775671397,1281.7096774193549,727.2666511746423,441.30616219062756,65.134886782515,2515.4173775671397,0.0
2024-03-25,0.1,23.5,2638.942338072669,1281.7096774193549,727.2666511746423,441.30616219062756,188.65984728804418,2638.942338072669,0.0
2024-03-26,-1.1,24.700000000000003,2773.696840442338,1281.7096774193549,727.2666511746423,441.30616219062756,323.41434965771305,2773.696840442338,0.0
2024-03-27,4.9,18.7,2099.9243285939965,1281.7096774193549,727.2666511746423,90.94799999999933,0.0,2099.9243285939965,0.0
2024-03-28,6.7,16.9,1897.792575039494,1281.7096774193549,616.0828976201392,0.0,0.0,1897.792575039494,0.0
2024-03-29,5.3,18.299999999999997,2055.00616113744,1281.7096774193549,727.2666511746423,46.02983254344272,0.0,2055.00616113744,0.0
2024-03-30,5.9,17.7,1987.6289099526061,1281.7096774193549,705.9192325332513,0.0,0.0,1987.6289099526061,0.0
2024-03-31,3.6,20.0,2245.9083728278038,1281.7096774193549,727.2666511746423,236.93204423380658,0.0,2245.9083728278038,0.0
2024-04-01,3.4,20.2,1810.9510416666672,1317.182732371795,488.95216346153853,4.816145833333433,0.0,1810.951041666667,-2.2737367544323206e-13
2024-04-02,-0.7,24.299999999999997,2178.5203125000003,1317.182732371795,488.95216346153853,49.93534226190473,322.4500744047619,2178.5203125000003,0.0
2024-04-03,-3.4,27.0,2420.5781250000005,1317.182732371795,488.95216346153853,49.93534226190473,564.507886904762,2420.578125,-4.547473508864641e-13
2024-04-04,-2.3,25.9,2321.961979166667,1317.182732371795,488.95216346153853,49.93534226190473,465.89174107142844,2321.9619791666664,-4.547473508864641e-13
2024-04-05,0.4,23.200000000000003,2079.904166666667,1317.182732371795,488.95216346153853,49.93534226190473,223.83392857142871,2079.904166666667,0.0
2024-04-06,1.8,21.799999999999997,1954.3927083333335,1317.182732371795,488.95216346153853,49.93534226190473,98.32247023809511,1954.3927083333333,-2.2737367544323206e-13
2024-04-07,8.1,15.5,1389.5911458333335,1317.182732371795,72.40841346153833,0.0,0.0,1389.5911458333335,0.0
2024-04-08,9.2,14.4,1290.9750000000004,1290.9750000000004,0.0,0.0,0.0,1290.9750000000004,0.0
2024-04-09,9.0,14.6,1308.9052083333336,1308.9052083333336,0.0,0.0,0.0,1308.9052083333336,0.0
2024-04-10,5.7,17.9,1604.7536458333336,1317.182732371795,287.57091346153845,0.0,0.0,1604.7536458333334,-2.2737367544323206e-13
2024-04-11,4.2,19.4,1739.2302083333336,1317.182732371795,422.04747596153845,0.0,0.0,1739.2302083333334,-2.2737367544323206e-13
2024-04-12,8.5,15.1,1353.7307291666668,1317.182732371795,36.54799679487167,0.0,0.0,1353.7307291666668,0.0
2024-04-13,8.2,15.4,1380.6260416666669,1317.182732371795,63.44330929487172,0.0,0.0,1380.6260416666669,0.0
2024-04-14,3.0,20.6,1846.811458333334,1317.182732371795,488.95216346153853,40.676562500000315,0.0,1846.8114583333338,-2.2737367544323206e-13
2024-04-15,3.0,20.6,1846.811458333334,1317.182732371795,488.95216346153853,40.676562500000315,0.0,1846.8114583333338,-2.2737367544323206e-13
2024-04-16,2.1,21.5,1927.4973958333337,1317.182732371795,488.95216346153853,49.93534226190473,71.42715773809529,1927.4973958333335,-2.2737367544323206e-13
2024-04-17,2.9,20.7,1855.7765625000002,1317.182732371795,488.95216346153853,49.64166666666647,0.0,1855.7765625,-2.2737367544323206e-13
2024-04-18,4.0,19.6,1757.1604166666673,1317.182732371795,439.9776842948721,0.0,0.0,1757.160416666667,-2.2737367544323206e-13
2024-04-19,4.6,19.0,1703.369791666667,1317.182732371795,386.1870592948718,0.0,0.0,1703.369791666667,0.0
2024-04-20,3.6,20.0,1793.0208333333337,1317.182732371795,475.83810096153854,0.0,0.0,1793.0208333333335,-2.2737367544323206e-13
2024-04-21,4.7,18.9,1694.4046875000001,1317.182732371795,377.22195512820497,0.0,0.0,1694.4046875,-2.2737367544323206e-13
2024-04-22,4.2,19.4,1739.2302083333336,1317.182732371795,422.04747596153845,0.0,0.0,1739.2302083333334,-2.2737367544323206e-13
2024-04-23,2.9,20.7,1855.7765625000002,1317.182732371795,488.95216346153853,49.64166666666647,0.0,1855.7765625,-2.2737367544323206e-13
2024-04-24,2.5,21.1,1891.636979166667,1317.182732371795,488.95216346153853,49.93534226190473,35.566741071428616,1891.6369791666668,-2.2737367544323206e-13
2024-04-25,4.6,19.0,1703.369791666667,1317.182732371795,386.1870592948718,0.0,0.0,1703.369791666667,0.0
2024-04-26,6.7,16.9,1515.1026041666669,1317.182732371795,197.9198717948717,0.0,0.0,1515.1026041666669,0.0
2024-04-27,4.8,18.799999999999997,1685.4395833333335,1317.182732371795,368.25685096153836,0.0,0.0,1685.4395833333333,-2.2737367544323206e-13
2024-04-28,6.7,16.9,1515.1026041666669,1317.182732371795,197.9198717948717,0.0,0.0,1515.1026041666669,0.0
2024-04-29,9.1,14.5,1299.940104166667,1299.940104166667,0.0,0.0,0.0,1299.940104166667,0.0
2024-04-30,10.5,13.1,1174.4286458333333,1174.4286458333333,0.0,0.0,0.0,1174.4286458333333,0.0
2024-05-01,12.9,10.7,1554.5444259567382,886.8064516129032,667.737974343835,0.0,0.0,1554.5444259567382,0.0
2024-05-02,14.3,9.299999999999999,1351.146089850249,886.8064516129032,464.33963823734575,0.0,0.0,1351.146089850249,0.0
2024-05-03,14.0,9.6,1394.7314475873538,886.8064516129032,507.92499597445067,0.0,0.0,1394.7314475873538,0.0
2024-05-04,13.5,10.1,1467.3737104825284,886.8064516129032,580.5672588696252,0.0,0.0,1467.3737104825284,0.0
2024-05-05,12.6,11.0,1598.1297836938431,886.8064516129032,711.32333208094,0.0,0.0,1598.1297836938431,0.0
2024-05-06,10.8,12.799999999999999,1859.6419301164717,886.8064516129032,962.9522838280295,9.88319467553896,0.0,1859.6419301164717,0.0
2024-05-07,7.7,15.9,2310.023960066555,886.8064516129032,962.9522838280295,375.4684692179718,84.79675540765048,2310.023960066555,0.0
2024-05-08,8.9,14.7,2135.682529118136,886.8064516129032,962.9522838280295,285.92379367720304,0.0,2135.682529118136,0.0
2024-05-09,7.4,16.2,2353.6093178036595,886.8064516129032,962.9522838280295,375.4684692179718,128.38211314475492,2353.6093178036595,0.0
2024-05-10,6.6,17.0,2469.836938435939,886.8064516129032,962.9522838280295,375.4684692179718,244.60973377703445,2469.836938435939,0.0
2024-05-11,8.0,15.6,2266.43860232945,886.8064516129032,962.9522838280295,375.4684692179718,41.211397670545566,2266.43860232945,0.0
2024-05-12,14.8,8.799999999999999,1278.5038269550741,886.8064516129032,391.697375342171,0.0,0.0,1278.5038269550741,0.0
2024-05-13,16.6,6.999999999999998,1016.9916805324453,886.8064516129032,130.18522891954217,0.0,0.0,1016.9916805324453,0.0
2024-05-14,18.1,6.6,958.8778702163057,886.8064516129032,72.07141860340255,0.0,0.0,958.8778702163057,0.0
2024-05-15,17.7,6.6,958.8778702163057,886.8064516129032,72.07141860340255,0.0,0.0,958.8778702163057,0.0
2024-05-16,18.3,6.6,958.8778702163057,886.8064516129032,72.07141860340255,0.0,0.0,958.8778702163057,0.0
2024-05-17,19.1,6.6,958.8778702163057,886.8064516129032,72.07141860340255,0.0,0.0,958.8778702163057,0.0
2024-05-18,14.4,9.2,1336.617637271214,886.8064516129032,449.81118565831093,0.0,0.0,1336.617637271214,0.0
2024-05-19,8.4,15.2,2208.3247920133103,886.8064516129032,962.9522838280295,358.5660565723776,0.0,2208.3247920133103,0.0
2024-05-20,9.5,14.1,2048.511813643926,886.8064516129032,962.9522838280295,198.7530782029932,0.0,2048.511813643926,0.0
2024-05-21,15.7,7.9,1147.74775374376,886.8064516129032,260.9413021308569,0.0,0.0,1147.74775374376,0.0
2024-05-22,19.9,6.6,958.8778702163057,886.8064516129032,72.07141860340255,0.0,0.0,958.8778702163057,0.0
2024-05-23,21.8,6.6,958.8778702163057,886.8064516129032,72.07141860340255,0.0,0.0,958.8778702163057,0.0
2024-05-24,20.3,6.6,958.8778702163057,886.8064516129032,72.07141860340255,0.0,0.0,958.8778702163057,0.0
2024-05-25,19.2,6.6,958.8778702163057,886.8064516129032,72.07141860340255,0.0,0.0,958.8778702163057,0.0
2024-05-26,22.6,6.6,958.8778702163057,886.8064516129032,72.07141860340255,0.0,0.0,958.8778702163057,0.0
2024-05-27,21.3,6.6,958.8778702163057,886.8064516129032,72.07141860340255,0.0,0.0,958.8778702163057,0.0
2024-05-28,16.9,6.700000000000001,973.4063227953408,886.8064516129032,86.5998711824376,0.0,0.0,973.4063227953408,0.0
2024-05-29,17.7,6.6,958.8778702163057,886.8064516129032,72.07141860340255,0.0,0.0,958.8778702163057,0.0
2024-05-30,16.6,6.999999999999998,1016.9916805324453,886.8064516129032,130.18522891954217,0.0,0.0,1016.9916805324453,0.0
2024-05-31,14.5,9.1,1322.0891846921793,886.8064516129032,435.2827330792761,0.0,0.0,1322.0891846921793,0.0
2024-06-01,12.4,11.2,1011.7158059467916,625.6998174230569,386.01598852373485,0.0,0.0,1011.7158059467918,1.1368683772161603e-13
2024-06-02,12.9,10.7,966.5499217527383,625.6998174230569,340.8501043296815,0.0,0.0,966.5499217527383,0.0
2024-06-03,9.7,13.9,1255.611580594679,625.6998174230569,629.9117631716222,0.0,0.0,1255.611580594679,0.0
2024-06-04,13.3,10.299999999999999,930.4172143974957,625.6998174230569,304.71739697443894,0.0,0.0,930.4172143974959,1.1368683772161603e-13
2024-06-05,7.1,16.5,1490.4741784037556,625.6998174230569,642.564241001566,52.0,170.2101199791327,1490.4741784037556,0.0
2024-06-06,9.6,14.0,1264.6447574334898,625.6998174230569,638.9449400104329,0.0,0.0,1264.6447574334898,0.0
2024-06-07,11.2,12.4,1120.1139280125194,625.6998174230569,494.4141105894626,0.0,0.0,1120.1139280125194,0.0
2024-06-08,12.7,10.9,984.6162754303599,625.6998174230569,358.9164580073031,0.0,0.0,984.61627543036,1.1368683772161603e-13
2024-06-09,11.2,12.4,1120.1139280125194,625.6998174230569,494.4141105894626,0.0,0.0,1120.1139280125194,0.0
2024-06-10,7.4,16.2,1463.3746478873236,625.6998174230569,642.564241001566,52.0,143.11058946270074,1463.3746478873236,0.0
2024-06-11,8.7,14.9,1345.9433489827852,625.6998174230569,642.564241001566,52.0,25.67929055816238,1345.9433489827852,0.0
2024-06-12,10.1,13.5,1219.4788732394363,625.6998174230569,593.7790558163795,0.0,0.0,1219.4788732394363,0.0
2024-06-13,14.5,9.1,822.0190923317682,625.6998174230569,196.31927490871138,0.0,0.0,822.0190923317682,0.0
2024-06-14,15.6,8.0,722.6541471048513,625.6998174230569,96.95432968179448,0.0,0.0,722.6541471048513,0.0
2024-06-15,16.9,6.700000000000001,605.222848200313,605.222848200313,0.0,0.0,0.0,605.222848200313,0.0
2024-06-16,15.9,7.699999999999999,695.5546165884192,625.6998174230569,69.8547991653624,0.0,0.0,695.5546165884192,0.0
2024-06-17,17.7,6.6,596.1896713615022,596.1896713615022,0.0,0.0,0.0,596.1896713615022,0.0
2024-06-18,15.0,8.6,776.853208137715,625.6998174230569,151.15339071465817,0.0,0.0,776.853208137715,0.0
2024-06-19,9.9,13.7,1237.5452269170578,625.6998174230569,611.8454094940009,0.0,0.0,1237.5452269170578,0.0
2024-06-20,10.7,12.9,1165.2798122065726,625.6998174230569,539.5799947835158,0.0,0.0,1165.2798122065726,0.0
2024-06-21,11.3,12.299999999999999,1111.0807511737087,625.6998174230569,485.3809337506519,0.0,0.0,1111.0807511737087,0.0
2024-06-22,16.9,6.700000000000001,605.222848200313,605.222848200313,0.0,0.0,0.0,605.222848200313,0.0
2024-06-23,14.4,9.2,831.0522691705788,625.6998174230569,205.352451747522,0.0,0.0,831.0522691705788,0.0
2024-06-24,14.1,9.5,858.1517996870108,625.6998174230569,232.45198226395397,0.0,0.0,858.1517996870108,0.0
2024-06-25,17.3,6.6,596.1896713615022,596.1896713615022,0.0,0.0,0.0,596.1896713615022,0.0
2024-06-26,13.8,9.799999999999999,885.2513302034425,625.6998174230569,259.55151278038574,0.0,0.0,885.2513302034426,1.1368683772161603e-13
2024-06-27,22.5,6.6,596.1896713615022,596.1896713615022,0.0,0.0,0.0,596.1896713615022,0.0
2024-06-28,17.3,6.6,596.1896713615022,596.1896713615022,0.0,0.0,0.0,596.1896713615022,0.0
2024-06-29,12.5,11.1,1002.6826291079809,625.6998174230569,376.9828116849241,0.0,0.0,1002.682629107981,1.1368683772161603e-13
2024-06-30,12.7,10.9,984.6162754303599,625.6998174230569,358.9164580073031,0.0,0.0,984.61627543036,1.1368683772161603e-13
2024-07-01,10.2,13.4,1113.740833036668,942.1012459950155,106.79533641865362,63.0,1.844250622998743,1113.7408330366677,-2.2737367544323206e-13
2024-07-02,10.1,13.5,1122.052331790673,942.1012459950155,106.79533641865362,63.0,10.155749377003758,1122.0523317906727,-2.2737367544323206e-13
2024-07-03,12.1,11.5,955.8223567105732,942.1012459950155,13.721110715557643,0.0,0.0,955.8223567105731,-1.1368683772161603e-13
2024-07-04,15.6,8.0,664.9199003203987,664.9199003203987,0.0,0.0,0.0,664.9199003203987,0.0
2024-07-05,12.0,11.6,964.1338554645782,942.1012459950155,22.032609469562658,0.0,0.0,964.1338554645781,-1.1368683772161603e-13
2024-07-06,12.3,11.299999999999999,939.1993592025631,939.1993592025631,0.0,0.0,0.0,939.1993592025631,0.0
2024-07-07,11.8,11.799999999999999,980.756852972588,942.1012459950155,38.65560697757246,0.0,0.0,980.7568529725879,-1.1368683772161603e-13
2024-07-08,12.8,10.799999999999999,897.6418654325383,897.6418654325382,0.0,0.0,0.0,897.6418654325382,-1.1368683772161603e-13
2024-07-09,13.7,9.9,822.8383766464935,822.8383766464935,0.0,0.0,0.0,822.8383766464935,0.0
2024-07-10,14.5,9.1,756.3463866144535,756.3463866144535,0.0,0.0,0.0,756.3463866144535,0.0
2024-07-11,15.8,7.799999999999999,648.2969028123887,648.2969028123887,0.0,0.0,0.0,648.2969028123887,0.0
2024-07-12,15.8,7.799999999999999,648.2969028123887,648.2969028123887,0.0,0.0,0.0,648.2969028123887,0.0
2024-07-13,18.2,6.6,548.558917764329,548.558917764329,0.0,0.0,0.0,548.558917764329,0.0
2024-07-14,17.2,6.6,548.558917764329,548.558917764329,0.0,0.0,0.0,548.558917764329,0.0
2024-07-15,20.3,6.6,548.558917764329,548.558917764329,0.0,0.0,0.0,548.558917764329,0.0
2024-07-16,19.0,6.6,548.558917764329,548.558917764329,0.0,0.0,0.0,548.558917764329,0.0
2024-07-17,17.1,6.6,548.558917764329,548.558917764329,0.0,0.0,0.0,548.558917764329,0.0
2024-07-18,12.9,10.7,889.3303666785333,889.3303666785332,0.0,0.0,0.0,889.3303666785332,-1.1368683772161603e-13
2024-07-19,15.4,8.2,681.5428978284086,681.5428978284086,0.0,0.0,0.0,681.5428978284086,0.0
2024-07-20,18.6,6.6,548.558917764329,548.558917764329,0.0,0.0,0.0,548.558917764329,0.0
2024-07-21,23.9,6.6,548.558917764329,548.558917764329,0.0,0.0,0.0,548.558917764329,0.0
2024-07-22,15.0,8.6,714.7888928444287,714.7888928444287,0.0,0.0,0.0,714.7888928444287,0.0
2024-07-23,13.0,10.6,881.0188679245283,881.0188679245282,0.0,0.0,0.0,881.0188679245282,-1.1368683772161603e-13
2024-07-24,14.2,9.4,781.2808828764686,781.2808828764686,0.0,0.0,0.0,781.2808828764686,0.0
2024-07-25,15.0,8.6,714.7888928444287,714.7888928444287,0.0,0.0,0.0,714.7888928444287,0.0
2024-07-26,16.9,6.700000000000001,556.8704165183341,556.8704165183341,0.0,0.0,0.0,556.8704165183341,0.0
2024-07-27,15.3,8.299999999999999,689.8543965824136,689.8543965824136,0.0,0.0,0.0,689.8543965824136,0.0
2024-07-28,14.3,9.299999999999999,772.9693841224635,772.9693841224635,0.0,0.0,0.0,772.9693841224635,0.0
2024-07-29,14.3,9.299999999999999,772.9693841224635,772.9693841224635,0.0,0.0,0.0,772.9693841224635,0.0
2024-07-30,15.9,7.699999999999999,639.9854040583838,639.9854040583838,0.0,0.0,0.0,639.9854040583838,0.0
2024-07-31,12.8,10.799999999999999,897.6418654325383,897.6418654325382,0.0,0.0,0.0,897.6418654325382,-1.1368683772161603e-13
2024-08-01,14.0,9.6,1106.9675165909882,824.1713487350934,282.79616785589485,0.0,0.0,1106.9675165909882,0.0
2024-08-02,13.3,10.299999999999999,1187.683898009081,824.1713487350934,363.5125492739877,0.0,0.0,1187.683898009081,0.0
2024-08-03,17.5,6.6,761.0401676563046,761.0401676563046,0.0,0.0,0.0,761.0401676563046,0.0
2024-08-04,18.2,6.6,761.0401676563046,761.0401676563046,0.0,0.0,0.0,761.0401676563046,0.0
2024-08-05,18.9,6.6,761.0401676563046,761.0401676563046,0.0,0.0,0.0,761.0401676563046,0.0
2024-08-06,21.6,6.6,761.0401676563046,761.0401676563046,0.0,0.0,0.0,761.0401676563046,0.0
2024-08-07,21.0,6.6,761.0401676563046,761.0401676563046,0.0,0.0,0.0,761.0401676563046,0.0
2024-08-08,17.2,6.6,761.0401676563046,761.0401676563046,0.0,0.0,0.0,761.0401676563046,0.0
2024-08-09,15.2,8.4,968.5965770171149,824.1713487350934,144.42522828202155,0.0,0.0,968.5965770171149,0.0
2024-08-10,14.5,9.1,1049.3129584352077,824.1713487350934,225.1416097001144,0.0,0.0,1049.3129584352077,0.0
2024-08-11,11.4,12.2,1406.7712190010477,824.1713487350934,371.9513663656177,45.86921643963229,164.77928746070438,1406.7712190010477,0.0
2024-08-12,12.3,11.299999999999999,1302.9930143206425,824.1713487350934,371.9513663656177,45.86921643963229,61.00108278029914,1302.9930143206425,0.0
2024-08-13,17.1,6.6,761.0401676563046,761.0401676563046,0.0,0.0,0.0,761.0401676563046,0.0
2024-08-14,18.4,6.6,761.0401676563046,761.0401676563046,0.0,0.0,0.0,761.0401676563046,0.0
2024-08-15,15.9,7.699999999999999,887.8801955990218,824.1713487350934,63.70884686392847,0.0,0.0,887.8801955990218,0.0
2024-08-16,13.4,10.2,1176.1529863779251,824.1713487350934,351.98163764283174,0.0,0.0,1176.1529863779251,0.0
2024-08-17,12.6,11.0,1268.4002794271742,824.1713487350934,371.9513663656177,45.86921643963229,26.40834788683082,1268.4002794271742,0.0
2024-08-18,10.9,12.7,1464.4257771568284,824.1713487350934,371.9513663656177,45.86921643963229,222.4338456164851,1464.4257771568284,0.0
2024-08-19,12.2,11.4,1314.523925951799,824.1713487350934,371.9513663656177,45.86921643963229,72.53199441145556,1314.523925951799,0.0
2024-08-20,16.2,7.4,853.2874607055536,824.1713487350934,29.116111970460253,0.0,0.0,853.2874607055536,0.0
2024-08-21,12.8,10.799999999999999,1245.3384561648618,824.1713487350934,371.9513663656177,45.86921643963229,3.3465246245184472,1245.3384561648618,0.0
2024-08-22,13.3,10.299999999999999,1187.683898009081,824.1713487350934,363.5125492739877,0.0,0.0,1187.683898009081,0.0
2024-08-23,12.8,10.799999999999999,1245.3384561648618,824.1713487350934,371.9513663656177,45.86921643963229,3.3465246245184472,1245.3384561648618,0.0
2024-08-24,13.1,10.5,1210.7457212713934,824.1713487350934,371.9513663656177,14.623006170682402,0.0,1210.7457212713934,0.0
2024-08-25,13.7,9.9,1141.5602514844568,824.1713487350934,317.3889027493634,0.0,0.0,1141.5602514844568,0.0
2024-08-26,12.1,11.5,1326.0548375829549,824.1713487350934,371.9513663656177,45.86921643963229,84.06290604261152,1326.0548375829549,0.0
2024-08-27,12.4,11.2,1291.4621026894863,824.1713487350934,371.9513663656177,45.86921643963229,49.47017114914296,1291.4621026894863,0.0
2024-08-28,17.3,6.6,761.0401676563046,761.0401676563046,0.0,0.0,0.0,761.0401676563046,0.0
2024-08-29,18.0,6.6,761.0401676563046,761.0401676563046,0.0,0.0,0.0,761.0401676563046,0.0
2024-08-30,12.9,10.7,1233.8075445337058,824.1713487350934,371.9513663656177,37.684829432994775,0.0,1233.8075445337058,0.0
2024-08-31,10.3,13.299999999999999,1533.611246943765,824.1713487350934,371.9513663656177,45.86921643963229,291.61931540342175,1533.611246943765,0.0
2024-09-01,11.5,12.1,975.6397694524499,919.0864407766425,56.5533286758074,0.0,0.0,975.6397694524499,0.0
2024-09-02,14.2,9.4,757.9350275085148,757.9350275085148,0.0,0.0,0.0,757.9350275085148,0.0
2024-09-03,16.4,7.200000000000001,580.5459785171604,580.5459785171604,0.0,0.0,0.0,580.5459785171604,0.0
2024-09-04,17.9,6.6,532.1671469740636,532.1671469740636,0.0,0.0,0.0,532.1671469740636,0.0
2024-09-05,17.2,6.6,532.1671469740636,532.1671469740636,0.0,0.0,0.0,532.1671469740636,0.0
2024-09-06,18.8,6.6,532.1671469740636,532.1671469740636,0.0,0.0,0.0,532.1671469740636,0.0
2024-09-07,17.8,6.6,532.1671469740636,532.1671469740636,0.0,0.0,0.0,532.1671469740636,0.0
2024-09-08,19.6,6.6,532.1671469740636,532.1671469740636,0.0,0.0,0.0,532.1671469740636,0.0
2024-09-09,17.4,6.6,532.1671469740636,532.1671469740636,0.0,0.0,0.0,532.1671469740636,0.0
2024-09-10,8.9,14.7,1185.2813728058688,919.0864407766425,266.1949320292264,0.0,0.0,1185.2813728058688,0.0
2024-09-11,13.1,10.5,846.629552004192,846.629552004192,0.0,0.0,0.0,846.629552004192,0.0
2024-09-12,11.0,12.6,1015.9554624050305,919.0864407766425,96.86902162838805,0.0,0.0,1015.9554624050305,0.0
2024-09-13,8.2,15.4,1241.7233429394817,919.0864407766425,322.6369021628392,0.0,0.0,1241.7233429394817,0.0
2024-09-14,7.3,16.299999999999997,1314.2915902541265,919.0864407766425,395.20514947748404,0.0,0.0,1314.2915902541265,0.0
2024-09-15,11.9,11.7,943.3872150903853,919.0864407766425,24.30077431374287,0.0,0.0,943.3872150903853,0.0
2024-09-16,11.6,12.0,967.5766308619337,919.0864407766425,48.49019008529127,0.0,0.0,967.5766308619337,0.0
2024-09-17,12.3,11.299999999999999,911.1346607283209,911.1346607283209,0.0,0.0,0.0,911.1346607283209,0.0
2024-09-18,12.5,11.1,895.0083835472886,895.0083835472886,0.0,0.0,0.0,895.0083835472886,0.0
2024-09-19,13.8,9.799999999999999,790.1875818705792,790.1875818705792,0.0,0.0,0.0,790.1875818705792,0.0
2024-09-20,10.8,12.799999999999999,1032.0817395860627,919.0864407766425,112.9952988094202,0.0,0.0,1032.0817395860627,0.0
2024-09-21,8.6,15.0,1209.4707885774174,919.0864407766425,290.3843478007749,0.0,0.0,1209.4707885774174,0.0
2024-09-22,6.4,17.2,1386.8598375687716,919.0864407766425,446.0941984688375,21.679198323291637,0.0,1386.8598375687716,0.0
2024-09-23,7.6,16.0,1290.1021744825782,919.0864407766425,371.01573370593576,0.0,0.0,1290.1021744825782,0.0
2024-09-24,6.8,16.799999999999997,1354.607283206707,919.0864407766425,435.5208424300646,0.0,0.0,1354.607283206707,0.0
2024-09-25,6.4,17.2,1386.8598375687716,919.0864407766425,446.0941984688375,21.679198323291637,0.0,1386.8598375687716,0.0
2024-09-26,7.2,16.4,1322.3547288446428,919.0864407766425,403.2682880680003,0.0,0.0,1322.3547288446428,0.0
2024-09-27,5.7,17.9,1443.3018077023844,919.0864407766425,446.0941984688375,78.12116845690446,0.0,1443.3018077023844,0.0
2024-09-28,3.2,20.4,1644.8802724652871,919.0864407766425,446.0941984688375,199.1996332198039,80.50000000000327,1644.8802724652871,0.0
2024-09-29,3.2,20.4,1644.8802724652871,919.0864407766425,446.0941984688375,199.1996332198039,80.50000000000327,1644.8802724652871,0.0
2024-09-30,5.7,17.9,1443.3018077023844,919.0864407766425,446.0941984688375,78.12116845690446,0.0,1443.3018077023844,0.0
2024-10-01,8.8,14.799999999999999,1469.7274322480016,1260.1659192825111,209.56151296549044,0.0,0.0,1469.7274322480016,0.0
2024-10-02,7.0,16.6,1648.4780658997856,1260.1659192825111,388.31214661727444,0.0,0.0,1648.4780658997856,0.0
2024-10-03,8.3,15.299999999999999,1519.3803860401638,1260.1659192825111,259.2144667576526,0.0,0.0,1519.3803860401638,0.0
2024-10-04,7.6,16.0,1588.894521349191,1260.1659192825111,328.7286020666799,0.0,0.0,1588.894521349191,0.0
2024-10-05,6.2,17.4,1727.922791967245,1260.1659192825111,467.7568726847339,0.0,0.0,1727.922791967245,0.0
2024-10-06,5.8,17.799999999999997,1767.6451550009747,1260.1659192825111,507.4792357184635,0.0,0.0,1767.6451550009747,0.0
2024-10-07,5.5,18.1,1797.4369272762724,1260.1659192825111,537.2710079937613,0.0,0.0,1797.4369272762724,0.0
2024-10-08,8.8,14.799999999999999,1469.7274322480016,1260.1659192825111,209.56151296549044,0.0,0.0,1469.7274322480016,0.0
2024-10-09,9.0,14.6,1449.8662507311367,1260.1659192825111,189.70033144862552,0.0,0.0,1449.8662507311367,0.0
2024-10-10,3.1,20.5,2035.771105478651,1260.1659192825111,722.4406595549115,53.16452664122832,0.0,2035.771105478651,0.0
2024-10-11,3.2,20.4,2025.8405147202184,1260.1659192825111,722.4406595549115,43.23393588279575,0.0,2025.8405147202184,0.0
2024-10-12,4.1,19.5,1936.4651978943266,1260.1659192825111,676.2992786118155,0.0,0.0,1936.4651978943266,0.0
2024-10-13,8.9,14.7,1459.796841489569,1260.1659192825111,199.63092220705786,0.0,0.0,1459.796841489569,0.0
2024-10-14,2.7,20.9,2075.493468512381,1260.1659192825111,722.4406595549115,92.88688967495816,0.0,2075.493468512381,0.0
2024-10-15,2.6,21.0,2085.424059270813,1260.1659192825111,722.4406595549115,102.81748043339027,0.0,2085.424059270813,0.0
2024-10-16,5.0,18.6,1847.0898810684346,1260.1659192825111,586.9239617859234,0.0,0.0,1847.0898810684346,0.0
2024-10-17,12.3,11.299999999999999,1122.1567557028661,1122.1567557028661,0.0,0.0,0.0,1122.1567557028661,0.0
2024-10-18,10.4,13.2,1310.8379801130825,1260.1659192825111,50.67206083057132,0.0,0.0,1310.8379801130825,0.0
2024-10-19,13.7,9.9,983.1284850848119,983.1284850848119,0.0,0.0,0.0,983.1284850848119,0.0
2024-10-20,12.4,11.2,1112.2261649444335,1112.2261649444335,0.0,0.0,0.0,1112.2261649444335,0.0
2024-10-21,13.0,10.6,1052.642620393839,1052.642620393839,0.0,0.0,0.0,1052.642620393839,0.0
2024-10-22,9.5,14.1,1400.2132969389745,1260.1659192825111,140.04737765646334,0.0,0.0,1400.2132969389745,0.0
2024-10-23,7.5,16.1,1598.8251121076237,1260.1659192825111,338.6591928251125,0.0,0.0,1598.8251121076237,0.0
2024-10-24,11.4,12.2,1211.5320725287581,1211.5320725287581,0.0,0.0,0.0,1211.5320725287581,0.0
2024-10-25,5.7,17.9,1777.575745759407,1260.1659192825111,517.4098264768959,0.0,0.0,1777.575745759407,0.0
2024-10-26,6.9,16.7,1658.408656658218,1260.1659192825111,398.2427373757068,0.0,0.0,1658.408656658218,0.0
2024-10-27,7.7,15.9,1578.9639305907585,1260.1659192825111,318.79801130824734,0.0,0.0,1578.9639305907585,0.0
2024-10-28,2.5,21.1,2095.3546500292455,1260.1659192825111,722.4406595549115,107.47043422555117,5.277636966271672,2095.3546500292455,0.0
2024-10-29,2.8,20.799999999999997,2065.5628777539478,1260.1659192825111,722.4406595549115,82.95629891652513,0.0,2065.5628777539478,0.0
2024-10-30,4.6,19.0,1886.8122441021642,1260.1659192825111,626.646324819653,0.0,0.0,1886.8122441021642,0.0
2024-10-31,1.7,21.9,2174.799376096705,1260.1659192825111,722.4406595549115,107.47043422555117,84.72236303373131,2174.799376096705,0.0
2024-11-01,1.4,22.2,2488.7019638648862,1408.2333333333333,912.9794572031483,63.65734300633055,103.831830322074,2488.701963864886,-4.547473508864641e-13
2024-11-02,1.0,22.6,2533.543440691281,1408.2333333333333,912.9794572031483,63.65734300633055,148.6733071484687,2533.5434406912805,-4.547473508864641e-13
2024-11-03,5.5,18.1,2029.0768263943442,1408.2333333333333,620.8434930610108,0.0,0.0,2029.0768263943442,0.0
2024-11-04,7.3,16.299999999999997,1827.2901806755692,1408.2333333333333,419.05684734223587,0.0,0.0,1827.2901806755692,0.0
2024-11-05,8.2,15.4,1726.3968578161823,1408.2333333333333,318.16352448284897,0.0,0.0,1726.3968578161823,0.0
2024-11-06,4.9,18.7,2096.3390416339357,1408.2333333333333,688.1057083006024,0.0,0.0,2096.3390416339357,0.0
2024-11-07,6.8,16.799999999999997,1883.3420267085621,1408.2333333333333,475.10869337522877,0.0,0.0,1883.3420267085621,0.0
2024-11-08,4.5,19.1,2141.18051846033,1408.2333333333333,732.9471851269966,0.0,0.0,2141.18051846033,0.0
2024-11-09,6.7,16.9,1894.552395915161,1408.2333333333333,486.31906258182767,0.0,0.0,1894.552395915161,0.0
2024-11-10,0.2,23.4,2623.226394344069,1408.2333333333333,912.9794572031483,63.65734300633055,238.3562608012567,2623.2263943440685,-4.547473508864641e-13
2024-11-11,2.2,21.4,2399.0190102120973,1408.2333333333333,912.9794572031483,63.65734300633055,14.148876669285103,2399.019010212097,-4.547473508864641e-13
2024-11-12,6.4,17.2,1928.1835035349568,1408.2333333333333,519.9501702016235,0.0,0.0,1928.1835035349568,0.0
2024-11-13,7.4,16.2,1816.079811468971,1408.2333333333333,407.84647813563765,0.0,0.0,1816.079811468971,0.0
2024-11-14,4.5,19.1,2141.18051846033,1408.2333333333333,732.9471851269966,0.0,0.0,2141.18051846033,0.0
2024-11-15,10.5,13.1,1468.5583660644147,1408.2333333333333,60.325032731081365,0.0,0.0,1468.5583660644147,0.0
2024-11-16,1.4,22.2,2488.7019638648862,1408.2333333333333,912.9794572031483,63.65734300633055,103.831830322074,2488.701963864886,-4.547473508864641e-13
2024-11-17,3.1,20.5,2298.12568735271,1408.2333333333333,889.8923540193766,0.0,0.0,2298.12568735271,0.0
2024-11-18,0.8,22.799999999999997,2555.9641791044774,1408.2333333333333,912.9794572031483,63.65734300633055,171.09404556166513,2555.964179104477,-4.547473508864641e-13
2024-11-19,-0.2,23.799999999999997,2668.067871170463,1408.2333333333333,912.9794572031483,63.65734300633055,283.19773762765095,2668.0678711704627,-4.547473508864641e-13
2024-11-20,-5.9,29.5,3307.058915946583,1408.2333333333333,912.9794572031483,63.65734300633055,922.1887824037708,3307.0589159465826,-4.547473508864641e-13
2024-11-21,-7.7,31.299999999999997,3508.845561665357,1408.2333333333333,912.9794572031483,63.65734300633055,1123.975428122545,3508.845561665357,0.0
2024-11-22,-4.1,27.700000000000003,3105.272270227809,1408.2333333333333,912.9794572031483,63.65734300633055,720.4021366849965,3105.2722702278083,-4.547473508864641e-13
2024-11-23,-0.3,23.9,2679.278240377062,1408.2333333333333,912.9794572031483,63.65734300633055,294.40810683424985,2679.2782403770616,-4.547473508864641e-13
2024-11-24,0.4,23.200000000000003,2600.8056559308725,1408.2333333333333,912.9794572031483,63.65734300633055,215.93552238806026,2600.805655930872,-4.547473508864641e-13
2024-11-25,5.5,18.1,2029.0768263943442,1408.2333333333333,620.8434930610108,0.0,0.0,2029.0768263943442,0.0
2024-11-26,2.6,21.0,2354.177533385703,1408.2333333333333,912.9794572031483,32.96474284922142,0.0,2354.1775333857026,-4.547473508864641e-13
2024-11-27,-1.3,24.9,2791.381932443048,1408.2333333333333,912.9794572031483,63.65734300633055,406.51179890023565,2791.3819324430474,-4.547473508864641e-13
2024-11-28,-4.5,28.1,3150.113747054203,1408.2333333333333,912.9794572031483,63.65734300633055,765.2436135113908,3150.1137470542026,-4.547473508864641e-13
2024-11-29,1.7,21.9,2455.07085624509,1408.2333333333333,912.9794572031483,63.65734300633055,70.20072270227776,2455.0708562450895,-4.547473508864641e-13
2024-11-30,2.5,21.1,2365.387902592302,1408.2333333333333,912.9794572031483,44.17511205582032,0.0,2365.3879025923015,-4.547473508864641e-13
2024-12-01,10.5,13.1,1476.3844039351852,1476.3844039351852,0.0,0.0,0.0,1476.3844039351852,0.0
2024-12-02,1.2,22.4,2524.5046296296296,1508.920519868828,821.1815018199811,68.91304347826087,125.48956446255957,2524.5046296296296,0.0
2024-12-03,-4.2,27.799999999999997,3133.0905671296296,1508.920519868828,821.1815018199811,68.91304347826087,734.0755019625594,3133.0905671296296,0.0
2024-12-04,-3.2,26.799999999999997,3020.3894675925926,1508.920519868828,821.1815018199811,68.91304347826087,621.3744024255225,3020.3894675925926,0.0
2024-12-05,1.6,22.0,2479.4241898148152,1508.920519868828,821.1815018199811,68.91304347826087,80.40912464774524,2479.4241898148152,0.0
2024-12-06,4.0,19.6,2208.941550925926,1508.920519868828,700.0210310570981,0.0,0.0,2208.941550925926,0.0
2024-12-07,2.0,21.6,2434.3437500000005,1508.920519868828,821.1815018199811,68.91304347826087,35.32868483293046,2434.3437500000005,0.0
2024-12-08,3.0,20.6,2321.642650462963,1508.920519868828,812.722130594135,0.0,0.0,2321.642650462963,0.0
2024-12-09,-1.4,25.0,2817.527488425926,1508.920519868828,821.1815018199811,68.91304347826087,418.5124232588561,2817.527488425926,0.0
2024-12-10,1.7,21.9,2468.154079861111,1508.920519868828,821.1815018199811,68.91304347826087,69.13901469404087,2468.154079861111,0.0
2024-12-11,1.9,21.7,2445.613859953704,1508.920519868828,821.1815018199811,68.91304347826087,46.59879478663393,2445.613859953704,0.0
2024-12-12,0.6,23.0,2592.125289351852,1508.920519868828,821.1815018199811,68.91304347826087,193.11022418478217,2592.125289351852,0.0
2024-12-13,4.3,19.299999999999997,2175.131221064815,1508.920519868828,666.2107011959868,0.0,0.0,2175.131221064815,0.0
2024-12-14,1.2,22.4,2524.5046296296296,1508.920519868828,821.1815018199811,68.91304347826087,125.48956446255957,2524.5046296296296,0.0
2024-12-15,1.4,22.2,2501.9644097222226,1508.920519868828,821.1815018199811,68.91304347826087,102.94934455515263,2501.9644097222226,0.0
2024-12-16,1.7,21.9,2468.154079861111,1508.920519868828,821.1815018199811,68.91304347826087,69.13901469404087,2468.154079861111,0.0
2024-12-17,1.9,21.7,2445.613859953704,1508.920519868828,821.1815018199811,68.91304347826087,46.59879478663393,2445.613859953704,0.0
2024-12-18,3.1,20.5,2310.3725405092596,1508.920519868828,801.4520206404316,0.0,0.0,2310.3725405092596,0.0
2024-12-19,3.7,19.9,2242.751880787037,1508.920519868828,733.8313609182089,0.0,0.0,2242.751880787037,0.0
2024-12-20,-0.1,23.700000000000003,2671.0160590277787,1508.920519868828,821.1815018199811,68.91304347826087,272.0009938607087,2671.0160590277787,0.0
2024-12-21,-3.3,26.9,3031.6595775462965,1508.920519868828,821.1815018199811,68.91304347826087,632.6445123792264,3031.6595775462965,0.0
2024-12-22,-2.1,25.700000000000003,2896.4182581018526,1508.920519868828,821.1815018199811,68.91304347826087,497.4031929347826,2896.4182581018526,0.0
2024-12-23,0.3,23.299999999999997,2625.935619212963,1508.920519868828,821.1815018199811,68.91304347826087,226.92055404589303,2625.935619212963,0.0
2024-12-24,1.7,21.9,2468.154079861111,1508.920519868828,821.1815018199811,68.91304347826087,69.13901469404087,2468.154079861111,0.0
2024-12-25,6.7,16.9,1904.648582175926,1508.920519868828,395.7280623070981,0.0,0.0,1904.648582175926,0.0
2024-12-26,4.8,18.799999999999997,2118.780671296296,1508.920519868828,609.860151427468,0.0,0.0,2118.780671296296,0.0
2024-12-27,2.1,21.5,2423.0736400462965,1508.920519868828,821.1815018199811,68.91304347826087,24.05857487922654,2423.0736400462965,0.0
2024-12-28,2.0,21.6,2434.3437500000005,1508.920519868828,821.1815018199811,68.91304347826087,35.32868483293046,2434.3437500000005,0.0
2024-12-29,1.6,22.0,2479.4241898148152,1508.920519868828,821.1815018199811,68.91304347826087,80.40912464774524,2479.4241898148152,0.0
2024-12-30,-2.0,25.6,2885.1481481481487,1508.920519868828,821.1815018199811,68.91304347826087,486.1330829810787,2885.1481481481487,0.0
2024-12-31,-6.3,29.9,3369.7628761574074,1508.920519868828,821.1815018199811,68.91304347826087,970.7478109903375,3369.762876157408,4.547473508864641e-13
